actor,movie_or_TV_name
Kristian Van der Heyden,Interstellar
Kristian Van der Heyden,Zone Stad
Kristian Van der Heyden,Spoed
William Patrick Brown,Interstellar
William Patrick Brown,Mighty Med
William Patrick Brown,Chuck
William Patrick Brown,Friends with Benefits
Alexander Michael Helisek,2 Broke Girls
Alexander Michael Helisek,This Is Us
Alexander Michael Helisek,Virgin Eyes
Alexander Michael Helisek,Interstellar
Alexander Michael Helisek,Silicon Valley
Alexander Michael Helisek,Grey's Anatomy
Leah Cairns,Motive
Leah Cairns,Battlestar Galactica
Leah Cairns,88 Minutes
Leah Cairns,Site Unseen: An Emma Fielding Mystery
Leah Cairns,Robson Arms
Leah Cairns,Bates Motel
Leah Cairns,Dead Over Heels: An Aurora Teagarden Mystery
Leah Cairns,Interstellar
Leah Cairns,The Reality of Love
Leah Cairns,Godiva's
Leah Cairns,Darrow & Darrow: In The Key Of Murder
Leah Cairns,Sanctuary
Leah Cairns,Helen
Leah Cairns,The Tomorrow People
Leah Cairns,Tru Calling
Leah Cairns,Deep Evil
Leah Cairns,Past Malice: An Emma Fielding Mystery
Leah Cairns,Travelers
Leah Cairns,Blood Angels
Leah Cairns,Saving Milly
Leah Cairns,Along Came a Nanny
Leah Cairns,Battlestar Galactica: The Plan
Leah Cairns,Mega Cyclone
Leah Cairns,Supernatural
Leah Cairns,Kyle XY
Andrew Borba,CSI: Miami
Andrew Borba,House
Andrew Borba,Bones
Andrew Borba,Modern Family
Andrew Borba,Crossing Jordan
Andrew Borba,NCIS: New Orleans
Andrew Borba,Station 19
Andrew Borba,Live from Baghdad
Andrew Borba,That '70s Show
Andrew Borba,Castle
Andrew Borba,The Mentalist
Andrew Borba,The West Wing
Andrew Borba,Straight Outta Compton
Andrew Borba,Interstellar
Andrew Borba,Without a Trace
Andrew Borba,The Shield
Andrew Borba,Bosch: Legacy
Andrew Borba,The Sweet Life
Andrew Borba,Speechless
Andrew Borba,Rosewood
Andrew Borba,Dead in the Room
Andrew Borba,S.W.A.T.
Andrew Borba,Go On
Andrew Borba,Nine Lives
Andrew Borba,Taken 3
Andrew Borba,Monk
Andrew Borba,The Defenders
Andrew Borba,Grey's Anatomy
Andrew Borba,Star Trek: Enterprise
Andrew Borba,Medium
Andrew Borba,Jericho
Andrew Borba,The Client List
Liam Dickinson,Interstellar
Liam Dickinson,Wait Till Helen Comes
Liam Dickinson,Riverdale
Liam Dickinson,Home Invasion
Liam Dickinson,R. L. Stine's The Haunting Hour
Griffen Fraser,Interstellar
Elyes Gabel,Suspicion
Elyes Gabel,FBI
Elyes Gabel,Welcome to the Punch
Elyes Gabel,Justice League vs. the Fatal Five
Elyes Gabel,Game of Thrones
Elyes Gabel,World War Z
Elyes Gabel,Kingdom of Dust
Elyes Gabel,Scorpion
Elyes Gabel,Casualty
Elyes Gabel,Interstellar
Elyes Gabel,Boogeyman 3
Elyes Gabel,Waterloo Road
Elyes Gabel,I Love Mummy
Elyes Gabel,Identity
Elyes Gabel,Spooks: The Greater Good
Elyes Gabel,Body of Proof
Elyes Gabel,Apparitions
Elyes Gabel,The Borgias
Elyes Gabel,Dead Set
Elyes Gabel,A Most Violent Year
Anne Hathaway,Seesaw Monster
Anne Hathaway,Sesame Street: Elmo's Christmas Countdown
Anne Hathaway,The View
Anne Hathaway,LIVE with Kelly and Mark
Anne Hathaway,The Late Show with Stephen Colbert
Anne Hathaway,Locked Down
Anne Hathaway,HitRECord on TV with Joseph Gordon-Levitt
Anne Hathaway,The Other Side of Heaven
Anne Hathaway,Ocean's Team 3.0
Anne Hathaway,Bulgari: Unexpected Wonders
Anne Hathaway,The Magical World of Ella Enchanted
Anne Hathaway,Get Smart
Anne Hathaway,PoliWood
Anne Hathaway,Family Guy Presents: It's a Trap!
Anne Hathaway,Serenity
Anne Hathaway,Get Real
Anne Hathaway,Brokeback Mountain
Anne Hathaway,Song One
Anne Hathaway,The Happy Days of Garry Marshall
Anne Hathaway,WWE Survivor Series 2012
Anne Hathaway,Modern Love
Anne Hathaway,Ending the Knight
Anne Hathaway,The Princess Diaries 2: Royal Engagement
Anne Hathaway,The Dark Knight Rises
Anne Hathaway,Entertainment Tonight
Anne Hathaway,Rio 2
Anne Hathaway,Letters to Jackie: Remembering President Kennedy
Anne Hathaway,MTV Movie & TV Awards
Anne Hathaway,Alice in Wonderland: The Mad Hatter
Anne Hathaway,The Devil Wears Prada
Anne Hathaway,Interstellar: Nolan's Odyssey
Anne Hathaway,Roald Dahl's The Witches
Anne Hathaway,Girl Rising
Anne Hathaway,On Air with Ryan Seacrest
Anne Hathaway,On the Set: The Princess Diaries 2 – Royal Engagement
Anne Hathaway,Covidwood
Anne Hathaway,Ocean's Eight
Anne Hathaway,The Tonight Show Starring Jimmy Fallon
Anne Hathaway,Sesame Street: Elmo's Playdate
Anne Hathaway,Love & Other Drugs
Anne Hathaway,Live from Studio Five
Anne Hathaway,One Day
Anne Hathaway,10 Mountains 10 Years
Anne Hathaway,Late Night with Jimmy Fallon
Anne Hathaway,Jimmy Kimmel Live!
Anne Hathaway,The Graham Norton Show
Anne Hathaway,Eileen
Anne Hathaway,Catwoman: The Feline Femme Fatale
Anne Hathaway,The Princess Diaries 3
Anne Hathaway,A Place in Time
Anne Hathaway,The Princess Diaries
Anne Hathaway,Lip Sync Battle
Anne Hathaway,The Intern
Anne Hathaway,Family Guy
Anne Hathaway,Saturday Night Live
Anne Hathaway,The Hustle
Anne Hathaway,WeCrashed
Anne Hathaway,The Simpsons
Anne Hathaway,Passengers
Anne Hathaway,Alice in Wonderland
Anne Hathaway,Patricia Field: Fashion Visionary
Anne Hathaway,Wide-Awake
Anne Hathaway,She Came to Me
Anne Hathaway,Rachel Getting Married
Anne Hathaway,History 101
Anne Hathaway,Valentino: The Last Emperor
Anne Hathaway,Rio
Anne Hathaway,Flowervale Street
Anne Hathaway,Barbra: The Music ... The Mem'ries ... The Magic!
Anne Hathaway,Late Night with Seth Meyers
Anne Hathaway,Conan
Anne Hathaway,The Tonight Show with Jay Leno
Anne Hathaway,Becoming Jane
Anne Hathaway,The Early Show
Anne Hathaway,The Reichen Show
Anne Hathaway,The Last Thing He Wanted
Anne Hathaway,Hoodwinked!
Anne Hathaway,Don Peyote
Anne Hathaway,Yesteryear
Anne Hathaway,Ella Enchanted
Anne Hathaway,The Ellen DeGeneres Show
Anne Hathaway,Alice Through the Looking Glass
Anne Hathaway,The Idea of You
Anne Hathaway,RuPaul's Drag Race
Anne Hathaway,Dark Waters
Anne Hathaway,Dark Waters: The Cost of Being a Hero
Anne Hathaway,Les Misérables: The History of the World's Greatest Story
Anne Hathaway,Teen Choice Awards
Anne Hathaway,French Children Don't Throw Food
Anne Hathaway,Les Misérables
Anne Hathaway,Nicholas Nickleby
Anne Hathaway,Havoc
Anne Hathaway,Watch What Happens Live with Andy Cohen
Anne Hathaway,Interstellar
Anne Hathaway,Mothers' Instinct
Anne Hathaway,The Daily Show
Anne Hathaway,Kids' Choice Awards
Anne Hathaway,E! True Hollywood Story
Anne Hathaway,Between Two Ferns with Zach Galifianakis
Anne Hathaway,Late Night with Conan O'Brien
Anne Hathaway,Mother Mary
Anne Hathaway,Armageddon Time
Anne Hathaway,Valentine's Day
Anne Hathaway,The Kelly Clarkson Show
Anne Hathaway,A New Princess
Anne Hathaway,Don Jon
Anne Hathaway,Inside 'Interstellar'
Anne Hathaway,Variety Studio: Actors on Actors
Anne Hathaway,Documentary Now!
Anne Hathaway,StoryBots: Answer Time
Anne Hathaway,Alice in Wonderland: Finding Alice
Anne Hathaway,Colossal
Anne Hathaway,Bride Wars
Anne Hathaway,The Fire Rises: The Creation and Impact of The Dark Knight Trilogy
Anne Hathaway,Solos
Lena Georgas,Prime Suspect
Lena Georgas,NCIS
Lena Georgas,Law & Order: Special Victims Unit
Lena Georgas,FlashForward
Lena Georgas,The Lincoln Lawyer
Lena Georgas,All Rise
Lena Georgas,Dirty John
Lena Georgas,Interstellar
Lena Georgas,Refuge
Lena Georgas,Law & Order
Lena Georgas,Stephen King's Kingdom Hospital
Lena Georgas,Westworld
Lena Georgas,Hawaii Five-0
Lena Georgas,Rizzoli & Isles
Lena Georgas,Kingdom Hospital
Lena Georgas,Lucifer
Lena Georgas,Lethal Weapon
Lena Georgas,Scorpion
Topher Grace,The View
Topher Grace,LIVE with Kelly and Mark
Topher Grace,The Late Show with Stephen Colbert
Topher Grace,The Calling
Topher Grace,"Love, Death & Robots"
Topher Grace,Delirium
Topher Grace,American Ultra
Topher Grace,The Double
Topher Grace,Marvel's Ultimate Spider-Man
Topher Grace,Opening Night
Topher Grace,Irresistible
Topher Grace,P.S.
Topher Grace,Black Mirror
Topher Grace,On Air with Ryan Seacrest
Topher Grace,The Simpsons
Topher Grace,The Institute
Topher Grace,Spider-Man 3
Topher Grace,Ocean's Twelve
Topher Grace,BlacKkKlansman
Topher Grace,Teen Choice Awards
Topher Grace,That '70s Show
Topher Grace,Heretic
Topher Grace,Traffic
Topher Grace,Take Me Home Tonight
Topher Grace,Watch What Happens Live with Andy Cohen
Topher Grace,In Good Company
Topher Grace,Interstellar
Topher Grace,Predators
Topher Grace,Playing It Cool
Topher Grace,Predators: The Chosen
Topher Grace,Best Week Ever
Topher Grace,The Twilight Zone
Topher Grace,Breakthrough
Topher Grace,The Big Wedding
Topher Grace,E! True Hollywood Story
Topher Grace,Robot Chicken
Topher Grace,Truth
Topher Grace,Personal Effects
Topher Grace,Late Night with Conan O'Brien
Topher Grace,Saturday Night Live: The Best of Amy Poehler
Topher Grace,Late Night with Seth Meyers
Topher Grace,Valentine's Day
Topher Grace,Conan
Topher Grace,The Kelly Clarkson Show
Topher Grace,Inside 'Interstellar'
Topher Grace,Too Big to Fail
Topher Grace,Ocean's Eleven
Topher Grace,Tamron Hall
Topher Grace,The Reichen Show
Topher Grace,Under the Silver Lake
Topher Grace,Mona Lisa Smile
Topher Grace,That '90s Show
Topher Grace,Workaholics
Topher Grace,The Hot Zone
Topher Grace,Home Economics
Topher Grace,Huntington
Topher Grace,Don Peyote
Topher Grace,Mississippi Requiem
Topher Grace,Barely Lethal
Topher Grace,The Late Late Show with Craig Kilborn
Topher Grace,King of the Hill
Topher Grace,The Beauty Inside
Topher Grace,Flight Risk
Topher Grace,Comedy Bang! Bang!
Topher Grace,The Giant Mechanical Man
Topher Grace,Saturday Night Live
Topher Grace,War Machine
Topher Grace,The Ellen DeGeneres Show
Topher Grace,Inside Traffic: The Making of 'Traffic'
Topher Grace,Win a Date with Tad Hamilton!
Benjamin Hardy,INTERFERENCE
Benjamin Hardy,Barry
Benjamin Hardy,Interstellar
Benjamin Hardy,Into the Box
Benjamin Hardy,The Queue
Brooke Smith,The Broken Giant
Brooke Smith,FBI: Most Wanted
Brooke Smith,Mr. Wonderful
Brooke Smith,The Call of Charlie
Brooke Smith,Heist
Brooke Smith,Law & Order
Brooke Smith,Bates Motel
Brooke Smith,The Larry Sanders Show
Brooke Smith,Chris Watts: Confessions of a Killer
Brooke Smith,The Crossing
Brooke Smith,Shooting Vegetarians
Brooke Smith,The Man Who Wasn't There
Brooke Smith,Crossing Jordan
Brooke Smith,To Each His Own Cinema
Brooke Smith,To the Bone
Brooke Smith,Grotesquerie
Brooke Smith,The Equalizer
Brooke Smith,The Good Fight
Brooke Smith,Vanya on 42nd Street
Brooke Smith,The Pickle
Brooke Smith,The Moderns
Brooke Smith,Day Out of Days
Brooke Smith,Interstellar
Brooke Smith,The Silence of the Lambs
Brooke Smith,Weeds
Brooke Smith,The Bachelor
Brooke Smith,Series 7
Brooke Smith,Melinda and Melinda
Brooke Smith,Neighborhood Alert
Brooke Smith,Iron Jawed Angels
Brooke Smith,Six Feet Under
Brooke Smith,Eventual Wife
Brooke Smith,Kansas City
Brooke Smith,The Good Doctor
Brooke Smith,A Little Help
Brooke Smith,The Namesake
Brooke Smith,Dude
Brooke Smith,See You in the Morning
Brooke Smith,Chicago Med
Brooke Smith,The Night We Never Met
Brooke Smith,World Cinema
Brooke Smith,Blood Clots
Brooke Smith,Last Summer in the Hamptons
Brooke Smith,Inside the Labyrinth: The Making of 'The Silence of the Lambs'
Brooke Smith,American Horror Story
Brooke Smith,The Aspern Papers
Brooke Smith,Unbelievable
Brooke Smith,Bosch
Brooke Smith,Who Is Henry Jaglom?
Brooke Smith,Labor Day
Brooke Smith,The Hunger
Brooke Smith,In Her Shoes
Brooke Smith,Homicide: Life on the Street
Brooke Smith,Fair Game
Brooke Smith,Grey's Anatomy
Brooke Smith,Law & Order: Criminal Intent
Brooke Smith,Them
Brooke Smith,Big Sky
Brooke Smith,Law & Order: Special Victims Unit
Brooke Smith,Bombshell
Brooke Smith,Ray Donovan
Brooke Smith,Random Hearts
Brooke Smith,Remembering Sex
Brooke Smith,Tempest
Brooke Smith,Class of '09
Brooke Smith,Trees Lounge
Brooke Smith,The Act
Brooke Smith,Supergirl
Brooke Smith,Bad Company
Josh Stewart,Law Abiding Citizen
Josh Stewart,The Collected
Josh Stewart,"Lenexa, 1 Mile"
Josh Stewart,CSI: Miami
Josh Stewart,The Haunting of Molly Hartley
Josh Stewart,Discarnate
Josh Stewart,Beneath the Dark
Josh Stewart,Cold Moon
Josh Stewart,Lifeline
Josh Stewart,The Death and Life of Bobby Z
Josh Stewart,Southland
Josh Stewart,The Mentalist
Josh Stewart,The Neighbor
Josh Stewart,Back Fork
Josh Stewart,Shooter
Josh Stewart,No Ordinary Family
Josh Stewart,Marvel's The Punisher
Josh Stewart,Interstellar
Josh Stewart,The Curious Case of Benjamin Button
Josh Stewart,Ghost Whisperer
Josh Stewart,Transcendence
Josh Stewart,Manhunt
Josh Stewart,The Hunted
Josh Stewart,Dirt
Josh Stewart,The Walking Dead - Webisodes
Josh Stewart,Insidious: The Last Key
Josh Stewart,The Collection
Josh Stewart,CSI: Crime Scene Investigation
Josh Stewart,Raising the Bar
Josh Stewart,Miami Medical
Josh Stewart,Third Watch
Josh Stewart,Grimm
Josh Stewart,The Rookie
Josh Stewart,The Dark Knight Rises
Josh Stewart,No Names
Josh Stewart,Tenet
Josh Stewart,Jekyll
Josh Stewart,Criminal Minds
Josh Stewart,The Collector
Josh Stewart,The Walking Dead
Josh Stewart,Event 15
Josh Stewart,The Finest Hours
Josh Stewart,Malicious
Josh Stewart,War Machine
Josh Stewart,The Mustang
Josh Stewart,The Walking Dead Webisodes: Cold Storage
Wes Bentley,Gone
Wes Bentley,After-School Special
Wes Bentley,My Big Break
Wes Bentley,The Claim
Wes Bentley,There Be Dragons
Wes Bentley,The White River Kid
Wes Bentley,Cesar Chavez
Wes Bentley,Dolan's Cadillac
Wes Bentley,Yellowstone
Wes Bentley,Stars In Shorts
Wes Bentley,Three Below Zero
Wes Bentley,Open
Wes Bentley,The Time Being
Wes Bentley,The Ungodly
Wes Bentley,Amnesiac
Wes Bentley,Welcome to Me
Wes Bentley,Rites of Passage
Wes Bentley,Final Girl
Wes Bentley,Pioneer
Wes Bentley,Interstellar
Wes Bentley,The World Is Watching: Making the Hunger Games
Wes Bentley,The Tomb
Wes Bentley,The Game of Their Lives
Wes Bentley,Hidden Moon
Wes Bentley,The Hunger Games
Wes Bentley,Hirokin: The Last Samurai
Wes Bentley,American Beauty: Look Closer...
Wes Bentley,Lovelace
Wes Bentley,3 Nights in the Desert
Wes Bentley,After the Fall
Wes Bentley,Knight of Cups
Wes Bentley,The Better Angels
Wes Bentley,American Horror Story
Wes Bentley,The Kelly Clarkson Show
Wes Bentley,Ghost Rider
Wes Bentley,Jonah Hex
Wes Bentley,Broken Vows
Wes Bentley,Soul Survivors
Wes Bentley,The Best of Enemies
Wes Bentley,American Beauty
Wes Bentley,The Four Feathers
Wes Bentley,Beloved
Wes Bentley,Pete's Dragon
Wes Bentley,We Are Your Friends
Wes Bentley,The Last Word
Wes Bentley,Carving Out Our Name
Wes Bentley,The Greims
Wes Bentley,Weirdsville
Wes Bentley,Mission: Impossible - Fallout
Wes Bentley,Blade Runner: Black Lotus
Wes Bentley,P2
Wes Bentley,Underworld: Awakening
Joseph Oliveira,Jaws
Joseph Oliveira,The Gates of Hell
Joseph Oliveira,November Criminals
Joseph Oliveira,Whiplash
Joseph Oliveira,Changing Lanes
Joseph Oliveira,Tehran
Joseph Oliveira,Southern Comfort
Joseph Oliveira,Frank and Cindy
Joseph Oliveira,The Pink Panther 2
Joseph Oliveira,Meet The Santas
Joseph Oliveira,American Psycho
Joseph Oliveira,Interstellar
Joseph Oliveira,Proud Mary
Joseph Oliveira,Only
Joseph Oliveira,The Wolf of Wall Street
Joseph Oliveira,The Dark Knight
Joseph Oliveira,City on a Hill
Joseph Oliveira,Killing Season
Joseph Oliveira,American Woman
Joseph Oliveira,A Date with Miss Fortune
Joseph Oliveira,NOS4A2
Joseph Oliveira,Alone We Fight
Joseph Oliveira,"Love, Weddings & Other Disasters"
Joseph Oliveira,Jungleland
Joseph Oliveira,The Catcher Was a Spy
Joseph Oliveira,The Imitation Game
Joseph Oliveira,The Departed
Joseph Oliveira,Law & Order: Special Victims Unit
Joseph Oliveira,Fraternitas
Joseph Oliveira,Central Intelligence
Collette Wolfe,A Beautiful Now
Collette Wolfe,The Babymakers
Collette Wolfe,Shameless
Collette Wolfe,Second Nature
Collette Wolfe,A.P. Bio
Collette Wolfe,Devil's Knot
Collette Wolfe,Mad Men
Collette Wolfe,Eastbound & Down
Collette Wolfe,Friends with Benefits
Collette Wolfe,Quantum Leap
Collette Wolfe,Observe and Report
Collette Wolfe,Great World of Sound
Collette Wolfe,Hot Tub Time Machine
Collette Wolfe,Interstellar
Collette Wolfe,Your Family or Mine
Collette Wolfe,Four Christmases
Collette Wolfe,Cougar Town
Collette Wolfe,Hot Tub Time Machine 2
Collette Wolfe,Reaper
Collette Wolfe,Young Adult
Collette Wolfe,Greek
Collette Wolfe,Next Caller
Collette Wolfe,Royal Pains
Collette Wolfe,Traffic Light
Collette Wolfe,The Wager
Collette Wolfe,Really
Collette Wolfe,Grey's Anatomy
Collette Wolfe,You're the Worst
Collette Wolfe,Semi-Pro
Collette Wolfe,17 Again
Collette Wolfe,Play Nice
Collette Wolfe,The Office
Collette Wolfe,How I Met Your Mother
Collette Wolfe,100 Questions
Collette Wolfe,The Foot Fist Way
Jessica Chastain,Dark Phoenix
Jessica Chastain,The View
Jessica Chastain,LIVE with Kelly and Mark
Jessica Chastain,The Late Show with Stephen Colbert
Jessica Chastain,ER
Jessica Chastain,Unity
Jessica Chastain,Miss Julie
Jessica Chastain,Scenes from a Marriage
Jessica Chastain,I Remember Crimson Peak
Jessica Chastain,Madagascar 3: Europe's Most Wanted
Jessica Chastain,Close Up with The Hollywood Reporter
Jessica Chastain,The Color of Time
Jessica Chastain,Letters to Jackie: Remembering President Kennedy
Jessica Chastain,Texas Killing Fields
Jessica Chastain,Goldene Kamera Verleihung
Jessica Chastain,The Debt
Jessica Chastain,I Am Jane Doe
Jessica Chastain,Leute heute
Jessica Chastain,A Most Violent Year
Jessica Chastain,Crimson Peak
Jessica Chastain,Untitled Holiday Comedy Project
Jessica Chastain,The Long Way Home: Making 'The Martian'
Jessica Chastain,Seduced and Abandoned
Jessica Chastain,The Westerner
Jessica Chastain,Interstellar: Nolan's Odyssey
Jessica Chastain,The Help
Jessica Chastain,The Tonight Show Starring Jimmy Fallon
Jessica Chastain,Zero Dark Thirty
Jessica Chastain,It Chapter Two
Jessica Chastain,Spheres
Jessica Chastain,The Disappearance of Eleanor Rigby: Them
Jessica Chastain,The Disappearance of Eleanor Rigby: Her
Jessica Chastain,Liv Ullmann: A Road Less Travelled
Jessica Chastain,Lear Rex
Jessica Chastain,Memory
Jessica Chastain,Jimmy Kimmel Live!
Jessica Chastain,The Graham Norton Show
Jessica Chastain,Off Camera with Sam Jones
Jessica Chastain,The Light and Dark of Crimson Peak
Jessica Chastain,Dark Shadows
Jessica Chastain,The Disappearance of Eleanor Rigby: Him
Jessica Chastain,Plus One
Jessica Chastain,Touch of Evil
Jessica Chastain,Saturday Night Live
Jessica Chastain,Coriolanus
Jessica Chastain,Veronica Mars
Jessica Chastain,The Zookeeper's Wife
Jessica Chastain,The Martian
Jessica Chastain,Miss Sloane
Jessica Chastain,Mama
Jessica Chastain,Take Shelter
Jessica Chastain,Molly's Game
Jessica Chastain,Journeyman
Jessica Chastain,The House Is Alive: Constructing 'Crimson Peak'
Jessica Chastain,Ava
Jessica Chastain,Dreams
Jessica Chastain,The 355
Jessica Chastain,The Oscars
Jessica Chastain,Late Night with Seth Meyers
Jessica Chastain,Lawless
Jessica Chastain,Conan
Jessica Chastain,Losing Clementine
Jessica Chastain,Creating a Character: The Moni Yakim Legacy
Jessica Chastain,Reframed: Marilyn Monroe
Jessica Chastain,I Am Not Alone
Jessica Chastain,Better Angels: The Gospel According to Tammy Faye
Jessica Chastain,Hand Tailored Gothic
Jessica Chastain,Jolene
Jessica Chastain,Stolen
Jessica Chastain,Seducing Ingrid Bergman
Jessica Chastain,The Tree of Life
Jessica Chastain,Half the Picture
Jessica Chastain,This Changes Everything
Jessica Chastain,Blackbeard
Jessica Chastain,Very Ralph
Jessica Chastain,Wilde Salomé
Jessica Chastain,Watch What Happens Live with Andy Cohen
Jessica Chastain,El hormiguero
Jessica Chastain,Interstellar
Jessica Chastain,Law & Order: Trial by Jury
Jessica Chastain,Mothers' Instinct
Jessica Chastain,Woman Walks Ahead
Jessica Chastain,The Daily Show
Jessica Chastain,The Savant
Jessica Chastain,The Huntsman: Winter's War
Jessica Chastain,Between Two Ferns with Zach Galifianakis
Jessica Chastain,Armageddon Time
Jessica Chastain,ARES: live
Jessica Chastain,The Kelly Clarkson Show
Jessica Chastain,George & Tammy
Jessica Chastain,Inside 'Interstellar'
Jessica Chastain,Exploring 'The Tree of Life'
Jessica Chastain,Variety Studio: Actors on Actors
Jessica Chastain,The Good Nurse
Jessica Chastain,The Summers of It – Chapter Two: It Ends
Jessica Chastain,Scripted Content
Jessica Chastain,The Sands Between
Jessica Chastain,The Forgiven
Jessica Chastain,The Eyes of Tammy Faye
Jessica Chastain,Chelsea
Jessica Chastain,Madonna: Rebel Heart Tour
Jessica Chastain,Salomé
Matthew McConaughey,The View
Matthew McConaughey,LIVE with Kelly and Mark
Matthew McConaughey,The Late Show with Stephen Colbert
Matthew McConaughey,The Lost Bus
Matthew McConaughey,My Boyfriend's Back
Matthew McConaughey,TRL
Matthew McConaughey,Making Dazed
Matthew McConaughey,The Oprah Conversation
Matthew McConaughey,Glory Daze
Matthew McConaughey,Serenity
Matthew McConaughey,The Beach Bum
Matthew McConaughey,The Men In Blazers Show
Matthew McConaughey,Amistad
Matthew McConaughey,Brother from Another Mother
Matthew McConaughey,How to Lose a Guy in 10 Days
Matthew McConaughey,Dazed and Confused
Matthew McConaughey,We Walk The Line: A Celebration of the Music of Johnny Cash
Matthew McConaughey,Red Table Talk
Matthew McConaughey,Agent Elvis
Matthew McConaughey,Goldene Kamera Verleihung
Matthew McConaughey,Magnificent Desolation: Walking on the Moon
Matthew McConaughey,The Return of the Texas Chainsaw Massacre
Matthew McConaughey,Deep in the Heart: A Texas Wildlife Story
Matthew McConaughey,A Time for Mercy
Matthew McConaughey,EDtv
Matthew McConaughey,The Story of Darrell Royal
Matthew McConaughey,Angels in the Outfield
Matthew McConaughey,Austin City Limits Celebrates 40 Years
Matthew McConaughey,Sahara
Matthew McConaughey,U-571
Matthew McConaughey,Richard Linklater: Dream Is Destiny
Matthew McConaughey,Interstellar: Nolan's Odyssey
Matthew McConaughey,Two for the Money
Matthew McConaughey,Eastbound & Down
Matthew McConaughey,Man in the Glass: Dale Brown Story
Matthew McConaughey,Absolute Evel: The Evel Knievel Story
Matthew McConaughey,Lone Star
Matthew McConaughey,The Tonight Show Starring Jimmy Fallon
Matthew McConaughey,Come Home
Matthew McConaughey,Paparazzi
Matthew McConaughey,Honest Trailers
Matthew McConaughey,Celebrities Uncensored
Matthew McConaughey,Bernie
Matthew McConaughey,Jimmy Kimmel Live!
Matthew McConaughey,Synthesizers
Matthew McConaughey,The Graham Norton Show
Matthew McConaughey,My Crazy Life
Matthew McConaughey,Deadpool & Wolverine
Matthew McConaughey,Tamron Hall
Matthew McConaughey,21 Years: Richard Linklater
Matthew McConaughey,Sing
Matthew McConaughey,Killer Joe
Matthew McConaughey,The Return of the Texas Chainsaw Massacre: The Documentary
Matthew McConaughey,05
Matthew McConaughey,Saturday Night Live
Matthew McConaughey,Contact
Matthew McConaughey,Reign of Fire
Matthew McConaughey,The Late Late Show with Craig Ferguson
Matthew McConaughey,Sing 2
Matthew McConaughey,Larger Than Life
Matthew McConaughey,Martha & Snoop's Potluck Dinner Party
Matthew McConaughey,Sing: Thriller
Matthew McConaughey,Dallas Buyers Club
Matthew McConaughey,Magic Mike
Matthew McConaughey,Friedkin Uncut
Matthew McConaughey,True Detective
Matthew McConaughey,I Am Evel Knievel
Matthew McConaughey,"Diners, Drive-Ins and Dives"
Matthew McConaughey,"Surfer, Dude"
Matthew McConaughey,The Newton Boys
Matthew McConaughey,The Wolf of Wall Street
Matthew McConaughey,Thirteen Conversations About One Thing
Matthew McConaughey,Mud
Matthew McConaughey,Sex and the City
Matthew McConaughey,The Sea of Trees
Matthew McConaughey,Making True Detective
Matthew McConaughey,One World: Together at Home
Matthew McConaughey,The Oscars
Matthew McConaughey,The Rivals of Amziah King
Matthew McConaughey,Late Night with Seth Meyers
Matthew McConaughey,Behind the Music
Matthew McConaughey,The Tonight Show with Jay Leno
Matthew McConaughey,Today
Matthew McConaughey,We Are Marshall
Matthew McConaughey,King of the Hill
Matthew McConaughey,Fast Times at Ridgemont High: A Virtual Table Read
Matthew McConaughey,Free State of Jones
Matthew McConaughey,The Ellen DeGeneres Show
Matthew McConaughey,Making Sandwiches
Matthew McConaughey,Welcome to Hollywood
Matthew McConaughey,Nine Ball
Matthew McConaughey,The Lincoln Lawyer
Matthew McConaughey,Cup of Joe
Matthew McConaughey,Gold
Matthew McConaughey,The Gentlemen
Matthew McConaughey,Ghosts of Girlfriends Past
Matthew McConaughey,Frailty
Matthew McConaughey,A Time to Kill
Matthew McConaughey,The Jennifer Hudson Show
Matthew McConaughey,Teen Choice Awards
Matthew McConaughey,Kubo and the Two Strings
Matthew McConaughey,CMT Insider
Matthew McConaughey,Watch What Happens Live with Andy Cohen
Matthew McConaughey,Superhuman Body: World of Medical Marvels
Matthew McConaughey,Interstellar
Matthew McConaughey,Tiptoes
Matthew McConaughey,Best Week Ever
Matthew McConaughey,Scorpion Spring
Matthew McConaughey,The Daily Show
Matthew McConaughey,Submission
Matthew McConaughey,The Science of Interstellar
Matthew McConaughey,Late Night with Conan O'Brien
Matthew McConaughey,Hot Ones
Matthew McConaughey,The Wedding Planner
Matthew McConaughey,Thanks a Million
Matthew McConaughey,The Paperboy
Matthew McConaughey,Fool's Gold
Matthew McConaughey,Between Two Ferns: The Movie
Matthew McConaughey,Judgement
Matthew McConaughey,Boys on the Side
Matthew McConaughey,The Kelly Clarkson Show
Matthew McConaughey,Failure to Launch
Matthew McConaughey,Inside 'Interstellar'
Matthew McConaughey,Variety Studio: Actors on Actors
Matthew McConaughey,The Russell Howard Hour
Matthew McConaughey,Roll Up Your Sleeves
Matthew McConaughey,U2 at The BBC
Matthew McConaughey,The Dark Tower
Matthew McConaughey,White Boy Rick
Matthew McConaughey,Real Time with Bill Maher
Matthew McConaughey,Carpool Karaoke: The Series
Matthew McConaughey,Tropic Thunder
Matthew McConaughey,Disclosure
Jeff Hephner,CSI: Miami
Jeff Hephner,Drop Dead Diva
Jeff Hephner,Eric
Jeff Hephner,Maid in Manhattan
Jeff Hephner,Chicago Fire
Jeff Hephner,Free Ride
Jeff Hephner,Agent X
Jeff Hephner,Capitol Law
Jeff Hephner,For All Mankind
Jeff Hephner,Peppermint
Jeff Hephner,House
Jeff Hephner,The Jury
Jeff Hephner,Almost Family
Jeff Hephner,The O.C.
Jeff Hephner,Castle
Jeff Hephner,The Shuroo Process
Jeff Hephner,Easy Money
Jeff Hephner,Switch
Jeff Hephner,Oppenheimer
Jeff Hephner,Interstellar
Jeff Hephner,Without a Trace
Jeff Hephner,Ghost Whisperer
Jeff Hephner,Tigerland
Jeff Hephner,Mars
Jeff Hephner,Hellcats
Jeff Hephner,Chicago Med
Jeff Hephner,The Water Is Wide
Jeff Hephner,NCIS
Jeff Hephner,CSI: Crime Scene Investigation
Jeff Hephner,Boss
Jeff Hephner,Shoot First And Pray You Live
Jeff Hephner,The 19th Wife
Jeff Hephner,Law & Order: Criminal Intent
Jeff Hephner,Criminal Minds
Jeff Hephner,Power Book II: Ghost
Jeff Hephner,An Acceptable Loss
Jeff Hephner,Love Takes Flight
Flora Nolan,Interstellar
Flora Nolan,Love Bomb Baby
Flora Nolan,Oppenheimer
Flora Nolan,Robster
Ryan Irving,DC's Legends of Tomorrow
Ryan Irving,Bark
Ryan Irving,Zoey's Extraordinary Playlist
Ryan Irving,Interstellar
Ryan Irving,Wynonna Earp
Ryan Irving,Memento Mori
Ryan Irving,Hold the Dark
Ryan Irving,Heritage Minutes: Winnipeg Falcons
Ryan Irving,"3 Bed, 2 Bath, 1 Ghost"
Casey Affleck,The Assassination of Jesse James: Death of an Outlaw
Casey Affleck,Stoner
Casey Affleck,LIVE with Kelly and Mark
Casey Affleck,American Pie
Casey Affleck,Tower Heist
Casey Affleck,Ocean's Thirteen
Casey Affleck,Gerry
Casey Affleck,Desert Blue
Casey Affleck,Ocean's Twelve
Casey Affleck,Triple 9
Casey Affleck,The World to Come
Casey Affleck,Dreamin' Wild
Casey Affleck,Every Breath You Take
Casey Affleck,Saturday Night Live
Casey Affleck,Unity
Casey Affleck,ParaNorman
Casey Affleck,Oppenheimer
Casey Affleck,Interstellar
Casey Affleck,Saltlake Van Sant
Casey Affleck,The Killer Inside Me
Casey Affleck,Race the Sun
Casey Affleck,The Old Man & the Gun
Casey Affleck,Drowning Mona
Casey Affleck,The Smack
Casey Affleck,Lonesome Jim
Casey Affleck,Chasing Amy
Casey Affleck,Our Friend
Casey Affleck,The Instigators
Casey Affleck,I'm a LA... Get Me Out of Here!
Casey Affleck,Late Night with Seth Meyers
Casey Affleck,The Kennedys of Massachusetts
Casey Affleck,Gone Baby Gone
Casey Affleck,Close Up with The Hollywood Reporter
Casey Affleck,Hamlet
Casey Affleck,Inside 'Interstellar'
Casey Affleck,200 Cigarettes
Casey Affleck,Variety Studio: Actors on Actors
Casey Affleck,Ain't Them Bodies Saints
Casey Affleck,Soul Survivors
Casey Affleck,Ocean's Eleven
Casey Affleck,To Die For
Casey Affleck,Attention Shoppers
Casey Affleck,Light of My Life
Casey Affleck,Out of the Furnace
Casey Affleck,WWII in HD: The Air War
Casey Affleck,Floating
Casey Affleck,Good Will Hunting
Casey Affleck,Real Time with Bill Maher
Casey Affleck,I'm Still Here
Casey Affleck,Lemon Sky
Casey Affleck,Joaquin Phoenix: An Actor of Extremes
Casey Affleck,The Finest Hours
Casey Affleck,Slingshot
Casey Affleck,The Assassination of Jesse James by the Coward Robert Ford
Casey Affleck,The Last Kiss
Casey Affleck,A Ghost Story
Casey Affleck,American Pie 2
Casey Affleck,The Eisen Hour
Casey Affleck,Committed
Casey Affleck,Manchester by the Sea
Mackenzie Foy,The Nutcracker and the Four Realms
Mackenzie Foy,The Boxcar Children
Mackenzie Foy,The Tonight Show Starring Jimmy Fallon
Mackenzie Foy,The Little Prince
Mackenzie Foy,FlashForward
Mackenzie Foy,The Cookie Mobster
Mackenzie Foy,Interstellar
Mackenzie Foy,'Til Death
Mackenzie Foy,Black Eyed Dog
Mackenzie Foy,The Conjuring
Mackenzie Foy,The Conjuring - 4D Experience
Mackenzie Foy,The Kelly Clarkson Show
Mackenzie Foy,Black Beauty
Mackenzie Foy,The Twilight Saga: Breaking Dawn - Part 1
Mackenzie Foy,R. L. Stine's The Haunting Hour
Mackenzie Foy,Jesse Stone: Lost in Paradise
Mackenzie Foy,Wish You Well
Mackenzie Foy,The Man Who Saved Paris
Mackenzie Foy,Hawaii Five-0
Mackenzie Foy,The Twilight Saga: Breaking Dawn - Part 2
David Oyelowo,A Sound of Thunder
David Oyelowo,The View
David Oyelowo,LIVE with Kelly and Mark
David Oyelowo,Come Away
David Oyelowo,Black Hollywood: 'They've Gotta Have Us'
David Oyelowo,Sweet Thunder
David Oyelowo,Earth's Great Rivers II
David Oyelowo,A Wrinkle in Time
David Oyelowo,Star Wars Rebels: The Siege of Lothal
David Oyelowo,The Arsenio Hall Show
David Oyelowo,Derailed
David Oyelowo,Jack Reacher: When the Man Comes Around
David Oyelowo,Born Equal
David Oyelowo,Five Days
David Oyelowo,Earth's Great Rivers
David Oyelowo,The Lion Guard
David Oyelowo,Dog Eat Dog
David Oyelowo,Close Up with The Hollywood Reporter
David Oyelowo,The Good Wife
David Oyelowo,Sherri
David Oyelowo,Sweet Nothing in My Ear
David Oyelowo,9 Kisses
David Oyelowo,A Most Violent Year
David Oyelowo,As Time Goes By
David Oyelowo,The Help
David Oyelowo,The Tonight Show Starring Jimmy Fallon
David Oyelowo,Chaos Walking
David Oyelowo,Role Play
David Oyelowo,Shoot the Messenger
David Oyelowo,The Last King of Scotland
David Oyelowo,Small Island
David Oyelowo,Rage
David Oyelowo,Jimmy Kimmel Live!
David Oyelowo,Peter Rabbit 2: The Runaway
David Oyelowo,Off Camera with Sam Jones
David Oyelowo,Tamron Hall
David Oyelowo,The Butler
David Oyelowo,Captive
David Oyelowo,A Raisin in the Sun
David Oyelowo,The After
David Oyelowo,Spooks
David Oyelowo,The Girl Before
David Oyelowo,Silo
David Oyelowo,Rise of the Planet of the Apes
David Oyelowo,The Joel McHale Show with Joel McHale
David Oyelowo,Gringo
David Oyelowo,See How They Run
David Oyelowo,Nightingale
David Oyelowo,The Bastard King
David Oyelowo,Lawmen: Bass Reeves
David Oyelowo,August 28: A Day in the Life of a People
David Oyelowo,Star Wars Rebels: Spark of Rebellion
David Oyelowo,Who Do You Love
David Oyelowo,Star Wars Rebels
David Oyelowo,The Cloverfield Paradox
David Oyelowo,Nina
David Oyelowo,Jack Reacher
David Oyelowo,Blood And Oil
David Oyelowo,Default
David Oyelowo,Late Night with Seth Meyers
David Oyelowo,The Oscars
David Oyelowo,Conan
David Oyelowo,Solitary
David Oyelowo,Middle of Nowhere
David Oyelowo,Tony Awards
David Oyelowo,National Theatre Live: Coriolanus
David Oyelowo,Maisie Raine
David Oyelowo,Lincoln
David Oyelowo,Queen of Katwe
David Oyelowo,The Frame
David Oyelowo,Rahab
David Oyelowo,Mayo
David Oyelowo,Tomorrow La Scala!
David Oyelowo,Government Cheese
David Oyelowo,Off Script with The Hollywood Reporter
David Oyelowo,The Passion
David Oyelowo,Five Nights in Maine
David Oyelowo,Home Movie: The Princess Bride
David Oyelowo,Les Misérables
David Oyelowo,Complicit
David Oyelowo,The Tiger Who Came to Tea
David Oyelowo,Watch What Happens Live with Andy Cohen
David Oyelowo,Becoming King
David Oyelowo,The Lion Guard: The Rise of Scar
David Oyelowo,Interstellar
David Oyelowo,The Best Man
David Oyelowo,96 Minutes
David Oyelowo,The Book of Clarence
David Oyelowo,Selma
David Oyelowo,The Paperboy
David Oyelowo,The Water Man
David Oyelowo,Red Tails
David Oyelowo,Variety Studio: Actors on Actors
David Oyelowo,The Midnight Sky
David Oyelowo,Don't Let Go
David Oyelowo,The No. 1 Ladies' Detective Agency
David Oyelowo,As You Like It
David Oyelowo,A United Kingdom
David Oyelowo,"Glenn Martin, DDS"
Michael Caine,The View
Michael Caine,LIVE with Kelly and Mark
Michael Caine,Twist
Michael Caine,A Bridge Too Far
Michael Caine,The Wilby Conspiracy
Michael Caine,The Late Show with Stephen Colbert
Michael Caine,The Marseille Contract
Michael Caine,Journey 2: The Mysterious Island
Michael Caine,Kingsman: The Secret Service Revealed
Michael Caine,Alfie
Michael Caine,The Jigsaw Man
Michael Caine,Foxhole in Cairo
Michael Caine,The Weather Man
Michael Caine,Come Away
Michael Caine,The Adventures of William Tell
Michael Caine,Sleuth
Michael Caine,Zee and Co.
Michael Caine,Escape to Victory
Michael Caine,The Merv Griffin Show
Michael Caine,Four Kids and It
Michael Caine,Mr. Morgan's Last Love
Michael Caine,Shiner
Michael Caine,Sir David Frost: That Was the Life That Was
Michael Caine,"Dirty, Sexy & Totally Iconic"
Michael Caine,Laughs and Larrikins
Michael Caine,Noises Off...
Michael Caine,Get Carter
Michael Caine,Inside the Actors Studio
Michael Caine,Cars 2
Michael Caine,A Hill in Korea
Michael Caine,The Honorary Consul
Michael Caine,The Adventures of Sir Lancelot
Michael Caine,Faye
Michael Caine,World War II: When Lions Roared
Michael Caine,Children of Men
Michael Caine,Hero
Michael Caine,Deadline Midnight
Michael Caine,Fight of the Century
Michael Caine,Close Up with The Hollywood Reporter
Michael Caine,Knights of Classic Drama at the BBC
Michael Caine,The One Show
Michael Caine,Ending the Knight
Michael Caine,Arte 1 Documenta
Michael Caine,The Dark Knight Rises
Michael Caine,The Fourth Protocol
Michael Caine,Sweet Liberty
Michael Caine,Solo for Sparrow
Michael Caine,The Cider House Rules
Michael Caine,Rickles
Michael Caine,Passport to Shame
Michael Caine,The Two-Headed Spy
Michael Caine,The Quiet American
Michael Caine,Ashanti
Michael Caine,Quills
Michael Caine,Dressed to Kill
Michael Caine,Gnomeo & Juliet
Michael Caine,Dear Dictator
Michael Caine,Mr. Destiny
Michael Caine,Best Sellers
Michael Caine,Roman Polanski: Wanted and Desired
Michael Caine,Inside 'the Swarm'
Michael Caine,Blood Money
Michael Caine,And the Winner Isn't
Michael Caine,Heath Ledger: A Tribute
Michael Caine,Interstellar: Nolan's Odyssey
Michael Caine,Harry Brown
Michael Caine,The Ipcress File
Michael Caine,The Whistle Blower
Michael Caine,Shadow Run
Michael Caine,Jack the Ripper
Michael Caine,Surrender
Michael Caine,What's My Line?
Michael Caine,Water
Michael Caine,The Prestige
Michael Caine,Educating Rita
Michael Caine,Mark Saber
Michael Caine,Peeper
Michael Caine,Discovering Hamlet
Michael Caine,Youth
Michael Caine,Bullet to Beijing
Michael Caine,Zulu
Michael Caine,Morning Departure
Michael Caine,Midnight in Saint Petersburg
Michael Caine,Live from Studio Five
Michael Caine,Hollywood U.K.: British Cinema in the Sixties
Michael Caine,"John Huston: The Man, the Movies, the Maverick"
Michael Caine,Billion Dollar Brain
Michael Caine,Mandela and de Klerk
Michael Caine,Quicksand
Michael Caine,The Graham Norton Show
Michael Caine,The Great Escaper
Michael Caine,Pinter's Progress
Michael Caine,The Last Valley
Michael Caine,Hannah and Her Sisters
Michael Caine,The Director's Notebook: The Cinematic Sleight of Hand of Christopher Nolan
Michael Caine,Silver Bears
Michael Caine,Night of 100 Stars II
Michael Caine,Der große Preis
Michael Caine,Inception
Michael Caine,Gambit
Michael Caine,The First 100 Years: A Celebration of American Movies
Michael Caine,Going in Style
Michael Caine,The Dick Cavett Show
Michael Caine,Secondhand Lions
Michael Caine,The Late Late Show with Craig Ferguson
Michael Caine,Jekyll & Hyde
Michael Caine,Parkinson
Michael Caine,King of Thieves
Michael Caine,Flawless
Michael Caine,Blame It on Rio
Michael Caine,Funeral in Berlin
Michael Caine,Danger Within
Michael Caine,Michael Caine: Breaking the Mold
Michael Caine,An Accidental Studio
Michael Caine,The Sound of 007
Michael Caine,Beyond the Poseidon Adventure
Michael Caine,Too Late the Hero
Michael Caine,Jaws: The Revenge
Michael Caine,The Man Who Got Carter
Michael Caine,Dirty Rotten Scoundrels
Michael Caine,The Actors
Michael Caine,Sean Connery: Private
Michael Caine,Cary Grant: A Celebration of a Leading Man
Michael Caine,The Golden Gong: The Story of Rank Films - British Cinema's Legendary Studio
Michael Caine,V.I.P. Schaukel
Michael Caine,The Bulldog Breed
Michael Caine,Acting
Michael Caine,California Suite
Michael Caine,The Day the Earth Caught Fire
Michael Caine,Edgar Wallace Mysteries
Michael Caine,The Key
Michael Caine,Blue Ice
Michael Caine,Walk a Crooked Mile
Michael Caine,The Dark Knight
Michael Caine,Sailor Beware
Michael Caine,Quincy
Michael Caine,Simon Simon
Michael Caine,Helter Skelter: An American Myth
Michael Caine,Wimbledon 2010 Official Film
Michael Caine,Valentino: The Last Emperor
Michael Caine,The Mike Douglas Show
Michael Caine,Carve Her Name with Pride
Michael Caine,Austin Powers in Goldmember
Michael Caine,The Man Who Would Be King
Michael Caine,The Many Faces of... Michael Caine
Michael Caine,"20,000 Leagues Under the Sea"
Michael Caine,How to Murder a Rich Uncle
Michael Caine,Blood and Wine
Michael Caine,The Oscars
Michael Caine,Roger Moore: A Matter Of Class
Michael Caine,Armchair Theatre
Michael Caine,The Tonight Show with Jay Leno
Michael Caine,Elle s'appelait Françoise
Michael Caine,Batman Begins
Michael Caine,Deathtrap
Michael Caine,The Muppet Christmas Carol
Michael Caine,Blind Spot
Michael Caine,Medieval
Michael Caine,Tony Awards
Michael Caine,Charlie Sheen's Stunts Spectacular
Michael Caine,Hurry Sundown
Michael Caine,Monty Python's The Meaning of Life
Michael Caine,Male of the Species
Michael Caine,Kingsman: The Secret Service
Michael Caine,The Movie Life of George
Michael Caine,The Last Witch Hunter
Michael Caine,The Romantic Englishwoman
Michael Caine,The Hand
Michael Caine,My Generation
Michael Caine,Night of 100 Stars III
Michael Caine,The Holcroft Covenant
Michael Caine,Battle of Britain
Michael Caine,The Making of Jaws The Revenge
Michael Caine,Curtain Call
Michael Caine,Play Dirty
Michael Caine,The Wrong Arm of the Law
Michael Caine,Navy Log
Michael Caine,The Debtors
Michael Caine,The Magus
Michael Caine,Rowan & Martin's Laugh-In
Michael Caine,Hamlet at Elsinore
Michael Caine,Golden Globe Awards
Michael Caine,Mad About the Boy: The Noël Coward Story
Michael Caine,Preminger: Anatomy of a Filmmaker
Michael Caine,A Shock to the System
Michael Caine,Top Deck
Michael Caine,The Eagle Has Landed
Michael Caine,Sherlock Gnomes
Michael Caine,Around the Bend
Michael Caine,Now You See Me
Michael Caine,The Wrong Box
Michael Caine,Is Anybody There?
Michael Caine,The Island
Michael Caine,Miss Congeniality
Michael Caine,The Statement
Michael Caine,Interstellar
Michael Caine,Little Voice
Michael Caine,Mona Lisa
Michael Caine,The Daily Show
Michael Caine,Tonite Let's All Make Love in London
Michael Caine,On Deadly Ground
Michael Caine,Pulp
Michael Caine,Without a Clue
Michael Caine,The Foreign Eye
Michael Caine,Dunkirk
Michael Caine,Late Night with Conan O'Brien
Michael Caine,The Italian Job
Michael Caine,Deadfall
Michael Caine,Kidnapped
Michael Caine,Bewitched
Michael Caine,Legends
Michael Caine,The Caine Mutiny Court-Martial
Michael Caine,MCAINE: An Anagram of Cinema
Michael Caine,The Black Windmill
Michael Caine,Inside 'Interstellar'
Michael Caine,50 Films to See Before You Die
Michael Caine,The Making Of 'The Italian Job'
Michael Caine,Bullseye!
Michael Caine,Harry and Walter Go to New York
Michael Caine,Rabbit Ears - King Midas and the Golden Touch
Michael Caine,Tenet
Michael Caine,Half Moon Street
Michael Caine,Now You See Me 2
Michael Caine,AGFA MYSTERY MIXTAPE #3: SEQUELITIS
Michael Caine,Last Orders
Michael Caine,The Fire Rises: The Creation and Impact of The Dark Knight Trilogy
Michael Caine,The Swarm
Michael Caine,Stonehearst Asylum
Michael Caine,Woman Times Seven
Russ Fega,Memento
Russ Fega,I Am Sam
Russ Fega,Things I Never Told You
Russ Fega,Sticks & Stones
Russ Fega,Judas Kiss
Russ Fega,The Prestige
Russ Fega,Veronica's Closet
Russ Fega,Interstellar
Russ Fega,Star Trek: Voyager
Russ Fega,Unholy Matrimony
Russ Fega,The Naked Truth
Russ Fega,Babylon 5
Russ Fega,Used Cars
Russ Fega,The Dark Knight Rises
Russ Fega,Galaxis
Russ Fega,Inception
Russ Fega,Tales of the Unknown
Russ Fega,Pacific Blue
Russ Fega,Prey of the Chameleon
Russ Fega,Suddenly Susan
Russ Fega,"Murder, She Wrote"
Russ Fega,Mobsters
John Lithgow,The View
John Lithgow,Obsession
John Lithgow,Great Performances
John Lithgow,ShowBusiness: The Road to Broadway
John Lithgow,Shakespeare Live! From the RSC
John Lithgow,The Late Show with Stephen Colbert
John Lithgow,Shrek in the Swamp Karaoke Dance Party
John Lithgow,Out Cold
John Lithgow,New Year's Eve
John Lithgow,Hallmark Hall of Fame
John Lithgow,The Glitter Dome
John Lithgow,"Bark, George"
John Lithgow,Dexter: New Blood
John Lithgow,3rd Rock from the Sun
John Lithgow,The Country Girl
John Lithgow,Daddy's Home 2
John Lithgow,Masters of Illusion: The Wizards of Special Effects
David Gyasi,Pulsar
David Gyasi,White Heat
David Gyasi,Doctor Who
David Gyasi,Mike Bassett: Manager
David Gyasi,Panic
David Gyasi,Cloud Atlas
David Gyasi,What a Girl Wants
David Gyasi,Casualty
David Gyasi,Annihilation
David Gyasi,Interstellar
David Gyasi,Cold Blood
David Gyasi,Shooting Dogs
David Gyasi,The Diplomat
David Gyasi,Maleficent: Mistress of Evil
David Gyasi,The Bastard Son & the Devil Himself
David Gyasi,Troy: Fall of a City
David Gyasi,Shoot the Messenger
David Gyasi,The Whale
David Gyasi,Belonging
David Gyasi,Torchwood
David Gyasi,Red Tails
David Gyasi,The Sandman
David Gyasi,Law & Order: UK
David Gyasi,Inside 'Interstellar'
David Gyasi,Hell on the Border
David Gyasi,ear for eye
David Gyasi,The Dark Knight Rises
David Gyasi,Waking the Dead
David Gyasi,Containment
David Gyasi,Carnival Row
David Gyasi,Apparitions
David Gyasi,Man in an Orange Shirt
David Gyasi,Hunter Killer
John Lithgow,Officer Buckle and Gloria
John Lithgow,Kinsey
John Lithgow,Trial & Error
John Lithgow,Big Blonde
John Lithgow,Sharper
John Lithgow,Twenty Good Years
John Lithgow,Hollow Point
John Lithgow,Santa Claus: The Making of the Movie
John Lithgow,I'm Dancing as Fast as I Can
John Lithgow,World War II: When Lions Roared
John Lithgow,2010
John Lithgow,Redwood Curtain
John Lithgow,The Pulitzer At 100
John Lithgow,Shrek Stories
John Lithgow,VH1 Goes Inside
John Lithgow,The Rule of Jenny Pen
John Lithgow,Pitch Perfect 3
John Lithgow,The Great Celebrity Bake Off for Stand Up To Cancer
John Lithgow,Close Up with The Hollywood Reporter
John Lithgow,The Life and Death of Peter Sellers
John Lithgow,Chez Bob
John Lithgow,The Amazing Bone
John Lithgow,The Big Fix
John Lithgow,Sherri
John Lithgow,Emily @ the Edge of Chaos
John Lithgow,9 Kisses
John Lithgow,Miracle in a Box: A Piano Reborn
John Lithgow,Bombshell
John Lithgow,Timms Valley
John Lithgow,Perry Mason
John Lithgow,On Broadway
John Lithgow,All That Jazz
John Lithgow,How I Met Your Mother
John Lithgow,The Wrong Man
John Lithgow,Prohibition
John Lithgow,Tales from the Crypt: The Robert Zemeckis Collection
John Lithgow,Johnny Skidmarks
John Lithgow,Footloose
John Lithgow,A Good Man in Africa
John Lithgow,Sangre
John Lithgow,The Apprentice: Martha Stewart
John Lithgow,Baby Girl Scott
John Lithgow,Terms of Endearment
John Lithgow,Love Is Strange
John Lithgow,Blow Out
John Lithgow,The Crown
John Lithgow,The Old Man
John Lithgow,Santa Claus: The Movie
John Lithgow,The Boys
John Lithgow,The Tonight Show Starring Jimmy Fallon
John Lithgow,James Cameron's Story of Science Fiction
John Lithgow,Pet Sematary
John Lithgow,Resting Place
John Lithgow,Silent Fall
John Lithgow,The Tony Danza Show
John Lithgow,Dealing: Or the Berkeley-to-Boston Forty-Brick Lost-Bag Blues
John Lithgow,Princess Caraboo
John Lithgow,Liv Ullmann: A Road Less Travelled
John Lithgow,They All Saw a Cat
John Lithgow,Car of the Future
John Lithgow,The Great Robot Race: The DARPA Grand Challenge
John Lithgow,Lord John
John Lithgow,Orange County
John Lithgow,"Love, Cheat & Steal"
John Lithgow,The Manhattan Project
John Lithgow,The Graham Norton Show
John Lithgow,Rugrats in Paris: The Movie
John Lithgow,Once Upon a Time in Wonderland
John Lithgow,Hickory Dickory Doc
John Lithgow,The Jungle Bunch 2: The Great Treasure Quest
John Lithgow,Tales from the Crypt
John Lithgow,Mister Rogers: It's You I Like
John Lithgow,The Country Mouse & the City Mouse: A Christmas Tale
John Lithgow,The Campaign
John Lithgow,30 Rock
John Lithgow,Broadway: The Next Generation
John Lithgow,The Rosie O'Donnell Show
John Lithgow,Raising Cain
John Lithgow,Beatriz at Dinner
John Lithgow,Faerie Tale Theatre
John Lithgow,The Macabre World of Lavender Williams
John Lithgow,Frasier
John Lithgow,Rise of the Planet of the Apes
John Lithgow,Saturday Night Live
John Lithgow,Shrek: Once Upon a Time
John Lithgow,The Oldest Living Graduate
John Lithgow,The West
John Lithgow,Ode to Joy: Beethoven's Symphony No. 9
John Lithgow,This Is 40
John Lithgow,Not in Front of the Children
John Lithgow,Dogs and More Dogs
John Lithgow,Amazing Stories
John Lithgow,The Simpsons
John Lithgow,Don Quixote
John Lithgow,Finding Your Roots
John Lithgow,Stars in the House
John Lithgow,The Accountant
John Lithgow,Cosby
John Lithgow,NOVA
John Lithgow,Traveling Man
John Lithgow,Miss Sloane
John Lithgow,Leap Year
John Lithgow,The Colbert Report
John Lithgow,Homegrown
John Lithgow,The Tuskegee Airmen
John Lithgow,The Pelican Brief
John Lithgow,Late Night
John Lithgow,The Roosevelts: An Intimate History
John Lithgow,National Theatre Live: The Magistrate
John Lithgow,Marvin Hamlisch: What He Did For Love
John Lithgow,The Homesman
John Lithgow,Twilight Zone: The Movie
John Lithgow,Buckaroo Banzai Declassified
John Lithgow,Late Night with Seth Meyers
John Lithgow,The Best of The Tony Awards: The Plays
John Lithgow,Spellbound
John Lithgow,Amazing Stories: The Movie II
John Lithgow,Conan
John Lithgow,E! Live from the Red Carpet
John Lithgow,The Adventures of Buckaroo Banzai Across the 8th Dimension
John Lithgow,Cabrini
John Lithgow,Confessions of a Shopaholic
John Lithgow,Memphis Belle
John Lithgow,Today
John Lithgow,Conclave
John Lithgow,Tony Awards
John Lithgow,The Early Show
John Lithgow,Goldilocks and the Three Bears
John Lithgow,Night of 100 Stars III
John Lithgow,John Lithgow's Kid-Sized Concert
John Lithgow,Harry and the Hendersons
John Lithgow,Cliffhanger
John Lithgow,My Brother's Keeper
John Lithgow,"Mom, the Wolfman and Me"
John Lithgow,The Investigation: A Search for the Truth in Ten Acts
John Lithgow,Golden Globe Awards
John Lithgow,Ivory Hunters
John Lithgow,Einstein's Big Idea
John Lithgow,95 Worlds and Counting
John Lithgow,Best of Enemies
John Lithgow,Ultra City Smiths
John Lithgow,A Civil Action
John Lithgow,Pet Sematary: The Tale of Timmy Baterman
John Lithgow,The World According to Garp
John Lithgow,Firing Line with Margaret Hoover
John Lithgow,Watch What Happens Live with Andy Cohen
John Lithgow,Projections of America
John Lithgow,Jimpa
John Lithgow,Interstellar
John Lithgow,Art Happens Here with John Lithgow
John Lithgow,The Ghost of Lord Farquaad
John Lithgow,Rich Kids
John Lithgow,Myths and Hymns
John Lithgow,The Daily Show
John Lithgow,Killers of the Flower Moon
John Lithgow,Give My Regards to Broadway
John Lithgow,The Tomorrow Man
John Lithgow,Sylvester and the Magic Pebble
John Lithgow,Mesmerized
John Lithgow,Late Night with Conan O'Brien
John Lithgow,The Bubble
John Lithgow,Dexter
John Lithgow,The Day After
John Lithgow,Casting By
John Lithgow,The Kelly Clarkson Show
John Lithgow,Inside 'Interstellar'
John Lithgow,Secret Service
John Lithgow,Variety Studio: Actors on Actors
John Lithgow,Dick Van Dyke: 98 Years of Magic
John Lithgow,Shrek
John Lithgow,Dreamgirls
John Lithgow,Special Effects: Anything Can Happen
John Lithgow,Live in Front of a Studio Audience: The Facts of Life and Diff'rent Strokes
John Lithgow,At Play in the Fields of the Lord
John Lithgow,American Cinema
John Lithgow,Distant Thunder
John Lithgow,Ricochet
John Lithgow,Disclosure
Matt Damon,The Rainmaker
Matt Damon,The View
Matt Damon,Stuck on You
Matt Damon,The Late Show with Stephen Colbert
Matt Damon,The Monuments Men
Matt Damon,Coda: Thirty Years Later
Matt Damon,Ford v Ferrari: Bringing the Rivalry to Life
Matt Damon,Contagion
Matt Damon,Youth Without Youth
Matt Damon,Ocean's Thirteen
Matt Damon,Will & Grace
Matt Damon,Hereafter
Matt Damon,'Saving Private Ryan': Boot Camp
Matt Damon,Glory Daze
Matt Damon,Crossing Criminal Cultures
Matt Damon,Inside 'The Talented Mr. Ripley'
Matt Damon,Oppenheimer
Matt Damon,Saltlake Van Sant
Matt Damon,14 Actors Acting
Matt Damon,Inside the Actors Studio
Matt Damon,Jason Bourne
Matt Damon,The Bourne Identity
Matt Damon,Air
Matt Damon,Elysium
Matt Damon,Die Clint Eastwood Story
Matt Damon,The Informant!
Matt Damon,Close Up with The Hollywood Reporter
Matt Damon,Happy Feet Two
Matt Damon,Entertainment Tonight
Matt Damon,The Talented Mr. Ripley: Making the Soundtrack
Matt Damon,His Way
Matt Damon,MTV Movie & TV Awards
Matt Damon,Promised Land
Matt Damon,Magnificent Desolation: Walking on the Moon
Matt Damon,Che: Part Two
Matt Damon,All the Pretty Horses
Matt Damon,Jay and Silent Bob Strike Back
Matt Damon,Prince: 21 Nights in London
Matt Damon,Geronimo: An American Legend
Matt Damon,American Idol
Matt Damon,The Long Way Home: Making 'The Martian'
Matt Damon,RIP
Matt Damon,Heath Ledger: A Tribute
Matt Damon,Entourage
Matt Damon,Rising Son
Matt Damon,The Brothers Grimm: Bringing the Fairytale to Life
Matt Damon,Encyclopedia of Useless Facts Around The Earth
Matt Damon,Mystic Pizza
Matt Damon,The Tonight Show Starring Jimmy Fallon
Matt Damon,Morgenmagazin
Matt Damon,Honest Trailers
Matt Damon,Chasing Amy
Matt Damon,Live from Studio Five
Matt Damon,The Adjustment Bureau
Matt Damon,Animals
Matt Damon,"Women, War & Peace"
Matt Damon,Celebrities Uncensored
Matt Damon,Green Zone
Matt Damon,Jimmy Kimmel Live!
Matt Damon,De Wereld Draait Door
Matt Damon,The Graham Norton Show
Matt Damon,No Sudden Move
Matt Damon,True Grit
Matt Damon,The Bernie Mac Show
Matt Damon,Off Camera with Sam Jones
Matt Damon,The Good Shepherd
Matt Damon,Thor: Love and Thunder
Matt Damon,The Good Old Boys
Matt Damon,Final Cut: Ladies and Gentlemen
Matt Damon,Titan A.E.
Matt Damon,Law & Order: Criminal Intent
Matt Damon,Judge Not: In Defense of Dogma
Matt Damon,The Making of the Last Duel
Matt Damon,"Oh, What a Lovely Tea Party"
Matt Damon,The Great Wall
Matt Damon,30 Rock
Matt Damon,Clerk
Matt Damon,Ford v Ferrari
Matt Damon,The Departed
Matt Damon,Geeking Out
Matt Damon,Teenage Paparazzo
Matt Damon,Saturday Night Live
Matt Damon,Untitled Christopher Nolan Film
Matt Damon,The Bourne Ultimatum
Matt Damon,Spirit: Stallion of the Cimarron
Matt Damon,Field of Dreams
Matt Damon,Inside Job
Matt Damon,Dogma
Matt Damon,Jay Leno's Garage
Matt Damon,The Zero Theorem
Matt Damon,Syriana
Matt Damon,Backpack Full of Cash
Matt Damon,Gerry
Matt Damon,Downsizing
Matt Damon,The Martian
Matt Damon,The Man Who Saved the World
Matt Damon,Ocean's Twelve
Matt Damon,Stuck Together: Bringing Stuck on You to the Screen
Matt Damon,Making It Stick: The Makeup Effects of Stuck on You
Matt Damon,SmartLess: On the Road
Matt Damon,Time Bomb Y2K
Matt Damon,The Bourne Dilemma
Matt Damon,The Roast of Tom Brady
Matt Damon,Once Upon a Deadpool
Matt Damon,EuroTrip
Matt Damon,Courage Under Fire
Matt Damon,The Instigators
Matt Damon,The Bourne Supremacy
Matt Damon,Reflections on 'the Talented Mr. Ripley'
Matt Damon,The Oscars
Matt Damon,Late Night with Seth Meyers
Matt Damon,We Bought a Zoo
Matt Damon,Conan
Matt Damon,The Third Wheel
Matt Damon,Margaret
Matt Damon,The Tonight Show with Jay Leno
Matt Damon,American Teacher
Matt Damon,The Talented Mr. Ripley
Matt Damon,Today
Matt Damon,Ocean's Eleven
Matt Damon,After Frank
Matt Damon,The Early Show
Matt Damon,Plan B
Matt Damon,2007 Boston Red Sox: The Official World Series Film
Matt Damon,Howard Zinn: You Can't Be Neutral on a Moving Train
Matt Damon,Jay and Silent Bob Reboot
Matt Damon,Brave Blue World: Racing to Solve Our Water Crisis
Matt Damon,Deadpool 2
Matt Damon,School Ties
Matt Damon,Golden Globe Awards
Matt Damon,Suburbicon
Matt Damon,Thor: Ragnarok
Matt Damon,Notes on an American Film Director at Work
Matt Damon,Radioman
Matt Damon,Teen Choice Awards
Matt Damon,Jersey Girl
Matt Damon,Making 'Saving Private Ryan'
Matt Damon,Firing Line with Margaret Hoover
Matt Damon,The Majestic
Matt Damon,Interstellar
Matt Damon,Robin Williams Remembered
Matt Damon,The Legend of Bagger Vance
Matt Damon,The Jay Leno Show
Matt Damon,The Daily Show
Matt Damon,Rounders
Matt Damon,Invictus
Matt Damon,Late Night with Conan O'Brien
Matt Damon,Hot Ones
Matt Damon,Unsane
Matt Damon,Inside Christopher Nolan's Oppenheimer
Matt Damon,ARES: live
Matt Damon,IF
Matt Damon,Marvel Studios Assembled: The Making of Thor: Love and Thunder
Matt Damon,The Kelly Clarkson Show
Matt Damon,The Brothers Grimm
Matt Damon,Confessions of a Dangerous Mind
Matt Damon,Finding Forrester
Matt Damon,Drive-Away Dolls
Matt Damon,Life of Kylie
Matt Damon,Good Will Hunting
Matt Damon,Boston
Matt Damon,Stillwater
Matt Damon,"Stranger Than Fiction: The True Story of Whitey Bulger, Southie and 'The Departed'"
Matt Damon,Behind the Candelabra
Matt Damon,Saving Private Ryan
Matt Damon,The Last Duel
William Devane,My Old Man's Place
William Devane,Report to the Commissioner
William Devane,The Tonight Show Starring Johnny Carson
William Devane,"Chips, the War Dog"
William Devane,Fear on Trial
William Devane,Flag of My Father
William Devane,Bosch: Legacy
William Devane,Rubdown
William Devane,NCIS
William Devane,From Here to Eternity
William Devane,Leprechaun's Revenge
William Devane,The Least Among You
William Devane,Lady Liberty
William Devane,The Dark Knight Rises
William Devane,Lois & Clark: The New Adventures of Superman
William Devane,Black Beauty
William Devane,Deceit
William Devane,Lady in Waiting
William Devane,Payback: Straight Up
William Devane,Virus
William Devane,The X-Files
William Devane,Race to Space
William Devane,Forgotten Sins
William Devane,The Badge
William Devane,Space Cowboys
William Devane,Knots Landing
William Devane,Psych
William Devane,The Michael Richards Show
William Devane,The West Wing
William Devane,Stargate SG-1
William Devane,For the Love of Nancy
William Devane,Medical Center
William Devane,Turks
William Devane,Bad Turn Worse
William Devane,Gunsmoke
William Devane,Jesse Stone: Innocents Lost
William Devane,The President's Child
William Devane,Jesse Stone: Benefit of the Doubt
William Devane,Miracle on the Mountain: The Kincaid Family Story
William Devane,The Irish Whiskey Rebellion
William Devane,Ancient Secrets of the Bible
William Devane,Red Alert
William Devane,The Man Who Used to Be Me
William Devane,The Dark
William Devane,The Kane Files: Life of Trial
William Devane,A Christmas Visitor
William Devane,Jesse Stone: Thin Ice
William Devane,Crime Club
William Devane,In the Country
William Devane,Red Flag: The Ultimate Game
William Devane,Rolling Thunder
William Devane,Jesse Stone: Sea Change
William Devane,The Absolute Truth
William Devane,Freefall: Flight 174
William Devane,Stargate: Continuum
William Devane,Testament
William Devane,Yanks
William Devane,Hadley's Rebellion
William Devane,With Intent to Kill
William Devane,Judgment: The Court Martial of the Tiger of Malaya — General Yamashita
William Devane,Knots Landing: Back to the Cul-de-Sac
William Devane,The River Why
William Devane,The Monroes
William Devane,Truth
William Devane,50 to 1
William Devane,"Good Morning, Killer"
William Devane,The Bad News Bears in Breaking Training
William Devane,The Bait
William Devane,The Snoop Sisters
William Devane,Family Plot
William Devane,Marathon Man
William Devane,Hollow Man
William Devane,Jesse Stone: No Remorse
William Devane,The Preppie Murder
William Devane,Mannix
William Devane,The Other Victim
William Devane,Night Watch
William Devane,Touched by an Angel
William Devane,King of the Hill
William Devane,A Woman Named Jackie
William Devane,Payback
William Devane,The Dealership
William Devane,Honky Tonk Freeway
William Devane,The Pursuit of Happiness
William Devane,The Missiles of October
William Devane,McCabe & Mrs. Miller
William Devane,The 300-Year Weekend
William Devane,Threat of Exposure
William Devane,Hope and Gloria
William Devane,Prophet of Evil: The Ervil LeBaron Story
William Devane,The Grinder
William Devane,Interstellar
William Devane,Plotting 'Family Plot'
William Devane,Exception to the Rule
William Devane,Jesse Stone: Death in Paradise
William Devane,Murder C.O.D.
William Devane,Obsessed
William Devane,Phenom
William Devane,Doomsday Rock
William Devane,Revenge
William Devane,Nightmare in Columbia County
William Devane,Jane Doe
William Devane,Vital Signs
William Devane,Timestalkers
William Devane,Crumbs
William Devane,Monte Walsh
William Devane,Poor White Trash
William Devane,Jesse Stone: Lost in Paradise
William Devane,The Fall
William Devane,24
Bill Irwin,Old Hats
Bill Irwin,Niagara: A History of the Falls
Bill Irwin,Law & Order
Bill Irwin,Show Boat
Bill Irwin,3rd Rock from the Sun
Bill Irwin,New Amsterdam
Bill Irwin,Sesame Street: 40 Years of Sunny Days
Bill Irwin,"Goldstar, Ohio"
Bill Irwin,Igby Goes Down
Bill Irwin,Ricki and the Flash
Bill Irwin,The Good Wife
Bill Irwin,Silent Tongue
Bill Irwin,Higher Ground
Bill Irwin,Quarry
Bill Irwin,Scenes from a Mall
Bill Irwin,This Is Us
Bill Irwin,Sesame Street: Elmo's World: What Makes You Happy?
Bill Irwin,Lust Life Love
Bill Irwin,Blue Bloods
Bill Irwin,Never Stand Still
Bill Irwin,A Midsummer Night's Dream
Bill Irwin,Sesame Street's 50th Anniversary Celebration
Bill Irwin,Charlie: The Life and Art of Charles Chaplin
Bill Irwin,Waiting for Godot in San Quentin
Bill Irwin,Sleepy Hollow
Bill Irwin,Sesame Street: Elmo's World: Reach for the Sky!
Bill Irwin,Just the Ticket
Bill Irwin,Subway Stories
Bill Irwin,The Great Buster: A Celebration
Bill Irwin,Identity Theft
Bill Irwin,Confirmation
Bill Irwin,Hot Shots!
Bill Irwin,The Cosby Show
Bill Irwin,It Takes a Lunatic
Bill Irwin,Red Hot + Blue: A Tribute to Cole Porter
Bill Irwin,Law & Order: Criminal Intent
Bill Irwin,Legion
Bill Irwin,Law & Order: Special Victims Unit
Bill Irwin,Monday Mornings
Bill Irwin,The Gilded Age
Bill Irwin,Across the Universe
Bill Irwin,Illuminata
Bill Irwin,Saturday Night Live
Bill Irwin,Star Trek: Discovery
Bill Irwin,Stepping Out
Bill Irwin,South of Hell
Bill Irwin,Circus Kid
Bill Irwin,High Tide
Bill Irwin,Popeye
Bill Irwin,Rachel Getting Married
Bill Irwin,Sister Act 2: Back in the Habit
Bill Irwin,Eight Men Out
Bill Irwin,A New Life
Bill Irwin,Life on Mars
Bill Irwin,Memorial: Letters from American Soldiers
Bill Irwin,The Dropout
Bill Irwin,Sesame Street: Play All Day with Elmo!
Bill Irwin,The Andy Warhol Diaries
Bill Irwin,Sesame Street: Elmo's World: Penguins and Friends
Bill Irwin,CSI: Crime Scene Investigation
Bill Irwin,The Last Mile
Bill Irwin,The Adventures of Pete & Pete
Bill Irwin,Endgame
Bill Irwin,The Laramie Project
Bill Irwin,How the Grinch Stole Christmas
Bill Irwin,The Regard of Flight
Bill Irwin,The Manchurian Candidate
Bill Irwin,Irresistible
Bill Irwin,Lights Out
Bill Irwin,My Blue Heaven
Bill Irwin,Elementary
Bill Irwin,Interstellar
Bill Irwin,4th Dementia
Bill Irwin,Spoiler Alert
Bill Irwin,Mudflat
Bill Irwin,Rustin
Bill Irwin,Raving
Bill Irwin,"Sesame Street: Elmo's World: Families, Mail & Bath Time!"
Bill Irwin,Sondheim: A Celebration at Carnegie Hall
Bill Irwin,Lady in the Water
Francis X. McCarthy,Perception
Francis X. McCarthy,Happy Endings
Francis X. McCarthy,Bates Motel
Francis X. McCarthy,On the Basis of Sex
Francis X. McCarthy,Renegade
Francis X. McCarthy,3rd Rock from the Sun
Francis X. McCarthy,False Pretenses
Francis X. McCarthy,21 Jump Street
Francis X. McCarthy,10.5: Apocalypse
Francis X. McCarthy,All God's Children
Francis X. McCarthy,Pennies from Heaven
Francis X. McCarthy,NCIS
Francis X. McCarthy,Imaginaerum
Francis X. McCarthy,Out of Control
Francis X. McCarthy,The Love Boat
Francis X. McCarthy,Farrell: For the People
Francis X. McCarthy,Dead Center
Francis X. McCarthy,Hidden Agenda
Francis X. McCarthy,Supernatural
Francis X. McCarthy,Black Widower
Francis X. McCarthy,Pacific Blue
Francis X. McCarthy,Going for Broke
Francis X. McCarthy,The Great War
Francis X. McCarthy,Nightwaves
Francis X. McCarthy,Tuff Turf
Francis X. McCarthy,Death Spa
Francis X. McCarthy,Red Rover
Francis X. McCarthy,Diplomatic Siege
Francis X. McCarthy,That Was Then... This Is Now
Francis X. McCarthy,No Good Deed
Francis X. McCarthy,The Seven Year Hitch
Francis X. McCarthy,M.A.N.T.I.S.
Francis X. McCarthy,Second Chance
Francis X. McCarthy,Moonlighting
Francis X. McCarthy,CAT. 8
Francis X. McCarthy,Story of Jen
Francis X. McCarthy,Stop at Nothing
Francis X. McCarthy,The A-Team
Francis X. McCarthy,ALF
Francis X. McCarthy,Cutter's Way
Francis X. McCarthy,Action Jackson
Francis X. McCarthy,Summer Rental
Francis X. McCarthy,Hardcastle and McCormick
Francis X. McCarthy,Frasier
Francis X. McCarthy,Illegal in Blue
Francis X. McCarthy,seaQuest DSV
Francis X. McCarthy,Motive
Francis X. McCarthy,Alcatraz: The Whole Shocking Story
Francis X. McCarthy,Abuse of Power
Francis X. McCarthy,Rudy: The Rudy Giuliani Story
Francis X. McCarthy,Smallville
Francis X. McCarthy,The Sting II
Francis X. McCarthy,Hellinger's Law
Francis X. McCarthy,Downtown
Francis X. McCarthy,Zoot Suit
Francis X. McCarthy,Cheers
Francis X. McCarthy,Carpool
Francis X. McCarthy,Altered States
Francis X. McCarthy,The Relic
Francis X. McCarthy,A Last Cry for Help
Francis X. McCarthy,Summer School
Francis X. McCarthy,MacGruder and Loud
Francis X. McCarthy,Nightwish: Making of Imaginaerum
Francis X. McCarthy,The John Larroquette Show
Francis X. McCarthy,9-1-1
Francis X. McCarthy,The Practice
Francis X. McCarthy,Beyond Borders
Francis X. McCarthy,Melrose Place
Francis X. McCarthy,Dead Men Don't Wear Plaid
Francis X. McCarthy,See Jane Date
Francis X. McCarthy,Working
Francis X. McCarthy,Interstellar
Francis X. McCarthy,Shadow of Obsession
Francis X. McCarthy,Ernie Kovacs: Between the Laughter
Francis X. McCarthy,Nowhere Man
Francis X. McCarthy,The Return of Hunter: Everyone Walks in L.A.
Francis X. McCarthy,The Reagans
Francis X. McCarthy,The Man with Two Brains
Francis X. McCarthy,Night Visions
Francis X. McCarthy,Babylon 5
Francis X. McCarthy,A Case of Deadly Force
Francis X. McCarthy,The Stranger
Francis X. McCarthy,BASEketball
Francis X. McCarthy,Alien Nation
Francis X. McCarthy,The French Atlantic Affair
Timothée Chalamet,The Late Show with Stephen Colbert
Timothée Chalamet,Dune: Part Three
Timothée Chalamet,Law & Order
Timothée Chalamet,You Quiz On The Block
Timothée Chalamet,Faut Voir - L'hebdo cinéma
Timothée Chalamet,Bones and All
Timothée Chalamet,Little Women
Timothée Chalamet,"Men, Women & Children"
Timothée Chalamet,Entergalactic
Timothée Chalamet,Lady Bird
Timothée Chalamet,The Enigmatic Charlotte Rampling
Timothée Chalamet,The Tonight Show Starring Jimmy Fallon
Timothée Chalamet,Spinners
Timothée Chalamet,Loving Leah
Timothée Chalamet,The French Dispatch
Timothée Chalamet,Cleopatra
Timothée Chalamet,The Adderall Diaries
Timothée Chalamet,Interstellar
Timothée Chalamet,Honest Trailers
Timothée Chalamet,A Complete Unknown
Timothée Chalamet,The King
Timothée Chalamet,Art of Style: Jean Cocteau
Timothée Chalamet,Don't Look Up
Timothée Chalamet,Hot Summer Nights
Timothée Chalamet,Miss Stevens
Timothée Chalamet,Homeland
Timothée Chalamet,Jimmy Kimmel Live!
Timothée Chalamet,The Oscars
Timothée Chalamet,Late Night with Seth Meyers
Timothée Chalamet,Royal Pains
Timothée Chalamet,Close Up with The Hollywood Reporter
Timothée Chalamet,Bleu de Chanel
Timothée Chalamet,The Graham Norton Show
Timothée Chalamet,Call Me by Your Name
Timothée Chalamet,Dune: Part Two
Timothée Chalamet,Dune
Timothée Chalamet,Variety Studio: Actors on Actors
Timothée Chalamet,Clown
Timothée Chalamet,Hostiles
Timothée Chalamet,Marty Supreme
Timothée Chalamet,Great Performers: Horror Show
Timothée Chalamet,A Man Named Scott
Timothée Chalamet,A Rainy Day in New York
Timothée Chalamet,Butcher's Hill
Timothée Chalamet,Leute heute
Timothée Chalamet,One & Two
Timothée Chalamet,Love the Coopers
Timothée Chalamet,Worst Friends
Timothée Chalamet,Wonka
Timothée Chalamet,Saturday Night Live
Timothée Chalamet,We Are Who We Are
Timothée Chalamet,Beautiful Boy
Ellen Burstyn,The Tale
Ellen Burstyn,Our Fathers
Ellen Burstyn,The View
Ellen Burstyn,Delphine and Carole
Ellen Burstyn,Main Street
Ellen Burstyn,The Calling
Ellen Burstyn,The Big Valley
Ellen Burstyn,Cheyenne
Ellen Burstyn,Hallmark Hall of Fame
Ellen Burstyn,The Making of Requiem for a Dream
Ellen Burstyn,Within These Walls
Ellen Burstyn,Dr. Kildare
Ellen Burstyn,Goodbye Charlie
Ellen Burstyn,The Stone Angel
Ellen Burstyn,"Mother, Couch!"
Ellen Burstyn,Queen Bees
Ellen Burstyn,Unity
Ellen Burstyn,PoliWood
Ellen Burstyn,Marilyn in Manhattan
Ellen Burstyn,BBStory: An American Film Renaissance
Ellen Burstyn,Roommates
Ellen Burstyn,Be Pretty and Shut Up!
Ellen Burstyn,Inside the Actors Studio
Ellen Burstyn,Petals on the Wind
Ellen Burstyn,A Dream of Passion
Ellen Burstyn,For Those Who Think Young
Ellen Burstyn,Kraft Suspense Theatre
Ellen Burstyn,A Deadly Vision
Ellen Burstyn,Watch on the Rhine
Ellen Burstyn,Three Months
Ellen Burstyn,30 Days
Ellen Burstyn,Big Love
Ellen Burstyn,Getting Out
Ellen Burstyn,According to Greta
Ellen Burstyn,The Book of Daniel
Ellen Burstyn,Flowers in the Attic
Ellen Burstyn,Resurrection
Ellen Burstyn,The Defenders
Ellen Burstyn,The Baby-Sitters Club
Ellen Burstyn,The Many Loves of Dobie Gillis
Ellen Burstyn,America Lost and Found: The BBS Story
Ellen Burstyn,People vs. Jean Harris
Ellen Burstyn,Nostalgia
Ellen Burstyn,"Easy Riders, Raging Bulls: How the Sex, Drugs and Rock 'n' Roll Generation Saved Hollywood"
Ellen Burstyn,The Yards
Ellen Burstyn,Going My Way
Ellen Burstyn,Perry Mason
Ellen Burstyn,Thursday's Game
Ellen Burstyn,Pack of Lies
Ellen Burstyn,Wish You Well
Ellen Burstyn,And the Oscar Goes To...
Ellen Burstyn,Ben Casey
Ellen Burstyn,The Mighty Macs
Ellen Burstyn,Pieces of a Woman
Ellen Burstyn,The Velveteen Rabbit
Ellen Burstyn,The House of Tomorrow
Ellen Burstyn,Into Thin Air
Ellen Burstyn,Brush with Fate
Ellen Burstyn,The Last Picture Show: A Look Back
Ellen Burstyn,"Lovely, Still"
Ellen Burstyn,Easy Out?
Ellen Burstyn,"Martin Scorsese, l'Italo-Américain"
Ellen Burstyn,Night Ride Home
Ellen Burstyn,A Decade Under the Influence
Ellen Burstyn,The Detectives
Ellen Burstyn,Broadway's Dreamers: The Legacy of the Group Theatre
Ellen Burstyn,Getting Gotti
Ellen Burstyn,W.
Ellen Burstyn,Hanna's War
Ellen Burstyn,The Horror Hall of Fame: A Monster Salute
Ellen Burstyn,"Memories, Dreams & Addictions"
Ellen Burstyn,Trick of the Eye
Ellen Burstyn,Something in Common
Ellen Burstyn,Les Rendez-vous du dimanche
Ellen Burstyn,How to Make an American Quilt
Ellen Burstyn,Draft Day
Ellen Burstyn,When a Man Loves a Woman
Ellen Burstyn,Gunsmoke
Ellen Burstyn,Lucy in the Sky
Ellen Burstyn,Bus Stop
Ellen Burstyn,I Love Liberty
Ellen Burstyn,American Experience
Ellen Burstyn,Marilyn Monroe: Auction of a Lifetime
Ellen Burstyn,Silence of the North
Ellen Burstyn,Two Men in Town
Ellen Burstyn,Law & Order: Organized Crime
Ellen Burstyn,Grand Isle
Ellen Burstyn,Flash
Ellen Burstyn,Alice Doesn't Live Here Anymore
Ellen Burstyn,All I Wish
Ellen Burstyn,Night of 100 Stars II
Ellen Burstyn,Mermaid
Ellen Burstyn,Surfside 6
Ellen Burstyn,That's Life
Ellen Burstyn,The Madam's Family: The Truth About the Canal Street Brothel
Ellen Burstyn,Someday This Pain Will Be Useful to You
Ellen Burstyn,Law & Order: Special Victims Unit
Ellen Burstyn,Earth and the American Dream
Ellen Burstyn,The Rosie O'Donnell Show
Ellen Burstyn,Taking Back My Life: The Nancy Ziegenmeyer Story
Ellen Burstyn,Dear America: Letters Home from Vietnam
Ellen Burstyn,The Greatest Show on Earth
Ellen Burstyn,Saturday Night Live
Ellen Burstyn,The Fountain
Ellen Burstyn,The Christmas Tree
Ellen Burstyn,The Five People You Meet In Heaven
Ellen Burstyn,Harry and Tonto
Ellen Burstyn,Surviving
Ellen Burstyn,Walking Across Egypt
Ellen Burstyn,"Picture This: The Times of Peter Bogdanovich in Archer City, Texas"
Ellen Burstyn,Fear and Love: The Story of The Exorcist
Ellen Burstyn,Friedkin Uncut
Ellen Burstyn,River of Fundament
Ellen Burstyn,Mrs. Lambert Remembers Love
Ellen Burstyn,When You Remember Me
Ellen Burstyn,Mrs. Harris
Ellen Burstyn,You Can Thank Me Later
Ellen Burstyn,Fuddy Meers
Ellen Burstyn,The Oscars
Ellen Burstyn,Leap of Faith: William Friedkin on The Exorcist
Ellen Burstyn,Stardust: The Bette Davis Story
Ellen Burstyn,A Will of their Own
Ellen Burstyn,The King of Marvin Gardens
Ellen Burstyn,Alex in Wonderland
Ellen Burstyn,Bathing Flo
Ellen Burstyn,The Age of Adaline
Ellen Burstyn,Another Happy Day
Ellen Burstyn,Tony Awards
Ellen Burstyn,Reframed: Marilyn Monroe
Ellen Burstyn,Night of 100 Stars
Ellen Burstyn,Coma
Ellen Burstyn,Tropic of Cancer
Ellen Burstyn,Red Dragon
Ellen Burstyn,The Cemetery Club
Ellen Burstyn,Mom
Ellen Burstyn,The Last Picture Show
Ellen Burstyn,Requiem for a Dream
Ellen Burstyn,Twice in a Lifetime
Ellen Burstyn,Follow The River
Ellen Burstyn,Shattered Trust: The Shari Karney Story
Ellen Burstyn,My Brother's Keeper
Ellen Burstyn,Reflections of a Philosopher King
Ellen Burstyn,Playing by Heart
Ellen Burstyn,The Patron Saint of Liars
Ellen Burstyn,Timepiece
Ellen Burstyn,Mitch Albom's For One More Day
Ellen Burstyn,Checkmate
Ellen Burstyn,Alice Doesn't Live Here Anymore: Second Chances
Ellen Burstyn,Divine Secrets of the Ya-Ya Sisterhood
Ellen Burstyn,The Fear of God: 25 Years of The Exorcist
Ellen Burstyn,The Wicker Man
Ellen Burstyn,Pit Stop
Ellen Burstyn,Steven Arnold: Heavenly Bodies
Ellen Burstyn,The Color of Evening
Ellen Burstyn,The Ellen Burstyn Show
Ellen Burstyn,House of Cards
Ellen Burstyn,Political Animals
Ellen Burstyn,"Love, Marilyn"
Ellen Burstyn,The Exorcist: Believer
Ellen Burstyn,Interstellar
Ellen Burstyn,Hubert Selby Jr: It/ll Be Better Tomorrow
Ellen Burstyn,The Time Tunnel
Ellen Burstyn,Deceiver
Ellen Burstyn,Act of Vengeance
Ellen Burstyn,The Spitfire Grill
Ellen Burstyn,About Scout
Ellen Burstyn,American Woman
Ellen Burstyn,The Exorcist
Ellen Burstyn,Vacation Playhouse
Ellen Burstyn,The Loss of a Teardrop Diamond
Ellen Burstyn,The Elephant King
Ellen Burstyn,"Same Time, Next Year"
Ellen Burstyn,The Ambassador
Ellen Burstyn,Dying Young
Ellen Burstyn,Wiener-Dog
Ellen Burstyn,77 Sunset Strip
Ellen Burstyn,"I'm Dickens, He's Fenster"
Ellen Burstyn,Hello Actors Studio
Ellen Burstyn,Providence
Ellen Burstyn,Custody
Ellen Burstyn,Ricochet
Ellen Burstyn,"Duse, the Greatest"
Ellen Burstyn,The First Lady
Ellen Burstyn,Letter to Loretta
actor,movie_or_TV_name
Mackenzie Foy,R. L. Stine's The Haunting Hour
Mackenzie Foy,Black Eyed Dog
Mackenzie Foy,The Twilight Saga: Breaking Dawn - Part 1
Mackenzie Foy,The Man Who Saved Paris
Mackenzie Foy,The Kelly Clarkson Show
Mackenzie Foy,Hawaii Five-0
Mackenzie Foy,'Til Death
Mackenzie Foy,The Twilight Saga: Breaking Dawn - Part 2
Mackenzie Foy,Black Beauty
Mackenzie Foy,The Conjuring
Mackenzie Foy,FlashForward
Mackenzie Foy,The Nutcracker and the Four Realms
Mackenzie Foy,The Conjuring - 4D Experience
Mackenzie Foy,The Little Prince
Mackenzie Foy,Interstellar
Mackenzie Foy,The Tonight Show Starring Jimmy Fallon
Mackenzie Foy,Wish You Well
Mackenzie Foy,The Boxcar Children
Mackenzie Foy,The Cookie Mobster
Mackenzie Foy,Jesse Stone: Lost in Paradise
Andrew Borba,Straight Outta Compton
Andrew Borba,Live from Baghdad
Andrew Borba,S.W.A.T.
Andrew Borba,That '70s Show
Andrew Borba,Speechless
Andrew Borba,Taken 3
Andrew Borba,NCIS: New Orleans
Andrew Borba,Dead in the Room
Andrew Borba,Nine Lives
Andrew Borba,Star Trek: Enterprise
Andrew Borba,Medium
Andrew Borba,Crossing Jordan
Andrew Borba,Modern Family
Andrew Borba,Bones
Andrew Borba,The Shield
Andrew Borba,CSI: Miami
Andrew Borba,Rosewood
Andrew Borba,The Mentalist
Andrew Borba,Castle
Andrew Borba,Interstellar
Andrew Borba,House
Andrew Borba,Station 19
Andrew Borba,Monk
Andrew Borba,The West Wing
Andrew Borba,The Sweet Life
Andrew Borba,The Client List
Andrew Borba,Go On
Andrew Borba,Jericho
Andrew Borba,Bosch: Legacy
Andrew Borba,The Defenders
Andrew Borba,Without a Trace
Andrew Borba,Grey's Anatomy
Joseph Oliveira,Jaws
Joseph Oliveira,Only
Joseph Oliveira,Southern Comfort
Joseph Oliveira,A Date with Miss Fortune
Joseph Oliveira,The Departed
Joseph Oliveira,The Gates of Hell
Joseph Oliveira,American Psycho
Joseph Oliveira,The Catcher Was a Spy
Joseph Oliveira,Law & Order: Special Victims Unit
Joseph Oliveira,Jungleland
Joseph Oliveira,The Imitation Game
Joseph Oliveira,The Pink Panther 2
Joseph Oliveira,November Criminals
Joseph Oliveira,NOS4A2
Joseph Oliveira,Frank and Cindy
Joseph Oliveira,"Love, Weddings & Other Disasters"
Joseph Oliveira,Changing Lanes
Joseph Oliveira,Proud Mary
Joseph Oliveira,Alone We Fight
Joseph Oliveira,Tehran
Joseph Oliveira,Interstellar
Joseph Oliveira,City on a Hill
Joseph Oliveira,Whiplash
Joseph Oliveira,The Dark Knight
Joseph Oliveira,Killing Season
Joseph Oliveira,Meet The Santas
Joseph Oliveira,The Wolf of Wall Street
Joseph Oliveira,Central Intelligence
Joseph Oliveira,Fraternitas
Joseph Oliveira,American Woman
Elyes Gabel,The Borgias
Elyes Gabel,Game of Thrones
Elyes Gabel,Body of Proof
Elyes Gabel,Kingdom of Dust
Elyes Gabel,Apparitions
Elyes Gabel,World War Z
Elyes Gabel,Welcome to the Punch
Elyes Gabel,FBI
Elyes Gabel,Dead Set
Elyes Gabel,Casualty
Elyes Gabel,Waterloo Road
Elyes Gabel,I Love Mummy
Elyes Gabel,Scorpion
Elyes Gabel,Identity
Elyes Gabel,Interstellar
Elyes Gabel,Boogeyman 3
Elyes Gabel,Suspicion
Elyes Gabel,A Most Violent Year
Elyes Gabel,Spooks: The Greater Good
Elyes Gabel,Justice League vs. the Fatal Five
Griffen Fraser,Interstellar
Alexander Michael Helisek,Virgin Eyes
Alexander Michael Helisek,This Is Us
Alexander Michael Helisek,2 Broke Girls
Alexander Michael Helisek,Silicon Valley
Alexander Michael Helisek,Interstellar
Alexander Michael Helisek,Grey's Anatomy
Josh Stewart,The Neighbor
Josh Stewart,War Machine
Josh Stewart,Law Abiding Citizen
Josh Stewart,Insidious: The Last Key
Josh Stewart,Malicious
Josh Stewart,Event 15
Josh Stewart,The Walking Dead - Webisodes
Josh Stewart,Criminal Minds
Josh Stewart,Tenet
Josh Stewart,Beneath the Dark
Josh Stewart,The Walking Dead
Josh Stewart,Marvel's The Punisher
Josh Stewart,Grimm
Josh Stewart,Raising the Bar
Josh Stewart,The Collection
Josh Stewart,The Walking Dead Webisodes: Cold Storage
Josh Stewart,The Dark Knight Rises
Josh Stewart,Lifeline
Josh Stewart,No Ordinary Family
Josh Stewart,The Curious Case of Benjamin Button
Josh Stewart,The Collector
Josh Stewart,Shooter
Josh Stewart,Discarnate
Josh Stewart,Miami Medical
Josh Stewart,CSI: Miami
Josh Stewart,The Hunted
Josh Stewart,Third Watch
Josh Stewart,The Mustang
Josh Stewart,The Mentalist
Josh Stewart,CSI: Crime Scene Investigation
Josh Stewart,Manhunt
Josh Stewart,The Rookie
Josh Stewart,Cold Moon
Josh Stewart,No Names
Josh Stewart,Dirt
Josh Stewart,The Collected
Josh Stewart,Interstellar
Josh Stewart,Ghost Whisperer
Josh Stewart,The Finest Hours
Josh Stewart,Transcendence
Josh Stewart,The Haunting of Molly Hartley
Josh Stewart,"Lenexa, 1 Mile"
Josh Stewart,Jekyll
Josh Stewart,The Death and Life of Bobby Z
Josh Stewart,Southland
Josh Stewart,Back Fork
Brooke Smith,Trees Lounge
Brooke Smith,Supergirl
Brooke Smith,The Hunger
Brooke Smith,Heist
Brooke Smith,Last Summer in the Hamptons
Brooke Smith,Remembering Sex
Brooke Smith,The Good Fight
Brooke Smith,Bates Motel
Brooke Smith,Grotesquerie
Brooke Smith,Series 7
Brooke Smith,The Silence of the Lambs
Brooke Smith,Chicago Med
Brooke Smith,The Broken Giant
Brooke Smith,Law & Order: Special Victims Unit
Brooke Smith,The Namesake
Brooke Smith,See You in the Morning
Brooke Smith,The Night We Never Met
Brooke Smith,Shooting Vegetarians
Brooke Smith,To the Bone
Brooke Smith,The Bachelor
Brooke Smith,Random Hearts
Brooke Smith,The Equalizer
Brooke Smith,Crossing Jordan
Brooke Smith,Bosch
Brooke Smith,Dude
Brooke Smith,Weeds
Brooke Smith,Six Feet Under
Brooke Smith,Kansas City
Brooke Smith,The Pickle
Brooke Smith,Labor Day
Brooke Smith,Big Sky
Brooke Smith,The Larry Sanders Show
Brooke Smith,Melinda and Melinda
Brooke Smith,The Act
Brooke Smith,Vanya on 42nd Street
Brooke Smith,Day Out of Days
Brooke Smith,FBI: Most Wanted
Brooke Smith,The Moderns
Brooke Smith,Mr. Wonderful
Brooke Smith,Bombshell
Brooke Smith,Class of '09
Brooke Smith,Homicide: Life on the Street
Brooke Smith,Neighborhood Alert
Brooke Smith,Them
Brooke Smith,Interstellar
Brooke Smith,Fair Game
Brooke Smith,Bad Company
Brooke Smith,Ray Donovan
Brooke Smith,World Cinema
Brooke Smith,American Horror Story
Brooke Smith,Law & Order
Brooke Smith,Tempest
Brooke Smith,The Good Doctor
Brooke Smith,In Her Shoes
Brooke Smith,Eventual Wife
Brooke Smith,Blood Clots
Brooke Smith,Law & Order: Criminal Intent
Brooke Smith,The Call of Charlie
Brooke Smith,The Crossing
Brooke Smith,A Little Help
Brooke Smith,To Each His Own Cinema
Brooke Smith,The Man Who Wasn't There
Brooke Smith,Inside the Labyrinth: The Making of 'The Silence of the Lambs'
Brooke Smith,Iron Jawed Angels
Brooke Smith,Unbelievable
Brooke Smith,Chris Watts: Confessions of a Killer
Brooke Smith,The Aspern Papers
Brooke Smith,Who Is Henry Jaglom?
Brooke Smith,Grey's Anatomy
Topher Grace,In Good Company
Topher Grace,BlacKkKlansman
Topher Grace,The Giant Mechanical Man
Topher Grace,The Ellen DeGeneres Show
Topher Grace,Late Night with Conan O'Brien
Topher Grace,E! True Hollywood Story
Topher Grace,Mona Lisa Smile
Topher Grace,Inside 'Interstellar'
Topher Grace,Tamron Hall
Topher Grace,The Twilight Zone
Topher Grace,War Machine
Topher Grace,The Kelly Clarkson Show
Topher Grace,Personal Effects
Topher Grace,Robot Chicken
Topher Grace,"Love, Death & Robots"
Topher Grace,Heretic
Topher Grace,That '70s Show
Topher Grace,King of the Hill
Topher Grace,The Calling
Topher Grace,That '90s Show
Topher Grace,Saturday Night Live: The Best of Amy Poehler
Topher Grace,Valentine's Day
Topher Grace,Opening Night
Topher Grace,The Big Wedding
Topher Grace,Playing It Cool
Topher Grace,Delirium
Topher Grace,Truth
Topher Grace,Conan
Topher Grace,P.S.
Topher Grace,Ocean's Eleven
Topher Grace,Flight Risk
Topher Grace,Black Mirror
Topher Grace,The Simpsons
Topher Grace,American Ultra
Topher Grace,Predators
Topher Grace,The Hot Zone
Topher Grace,Under the Silver Lake
Topher Grace,The Reichen Show
Topher Grace,LIVE with Kelly and Mark
Topher Grace,Ocean's Twelve
Topher Grace,Don Peyote
Topher Grace,Best Week Ever
Topher Grace,Saturday Night Live
Topher Grace,Comedy Bang! Bang!
Topher Grace,Too Big to Fail
Topher Grace,Take Me Home Tonight
Topher Grace,Irresistible
Topher Grace,Watch What Happens Live with Andy Cohen
Topher Grace,Win a Date with Tad Hamilton!
Topher Grace,On Air with Ryan Seacrest
Topher Grace,The Double
Topher Grace,Inside Traffic: The Making of 'Traffic'
Topher Grace,Teen Choice Awards
Topher Grace,Traffic
Topher Grace,Interstellar
Topher Grace,Late Night with Seth Meyers
Topher Grace,Workaholics
Topher Grace,The Institute
Topher Grace,Home Economics
Topher Grace,Spider-Man 3
Topher Grace,The View
Topher Grace,Huntington
Topher Grace,Mississippi Requiem
Topher Grace,Marvel's Ultimate Spider-Man
Topher Grace,The Late Show with Stephen Colbert
Topher Grace,Barely Lethal
Topher Grace,The Beauty Inside
Topher Grace,The Late Late Show with Craig Kilborn
Topher Grace,Predators: The Chosen
Topher Grace,Breakthrough
Wes Bentley,The Ungodly
Wes Bentley,Open
Wes Bentley,The World Is Watching: Making the Hunger Games
Wes Bentley,Underworld: Awakening
Wes Bentley,The Kelly Clarkson Show
Wes Bentley,The Claim
Wes Bentley,My Big Break
Wes Bentley,The White River Kid
Wes Bentley,Dolan's Cadillac
Wes Bentley,American Beauty: Look Closer...
Wes Bentley,The Better Angels
Wes Bentley,Blade Runner: Black Lotus
Wes Bentley,The Four Feathers
Wes Bentley,Jonah Hex
Wes Bentley,The Greims
Wes Bentley,Pete's Dragon
Wes Bentley,Carving Out Our Name
Wes Bentley,Beloved
Wes Bentley,The Game of Their Lives
Wes Bentley,Amnesiac
Wes Bentley,P2
Wes Bentley,Pioneer
Wes Bentley,3 Nights in the Desert
Wes Bentley,Three Below Zero
Wes Bentley,Lovelace
Wes Bentley,Rites of Passage
Wes Bentley,Gone
Wes Bentley,Final Girl
Wes Bentley,After-School Special
Wes Bentley,Welcome to Me
Wes Bentley,Broken Vows
Wes Bentley,Mission: Impossible - Fallout
Wes Bentley,Interstellar
Wes Bentley,Hidden Moon
Wes Bentley,The Time Being
Wes Bentley,Stars In Shorts
Wes Bentley,Ghost Rider
Wes Bentley,Cesar Chavez
Wes Bentley,The Best of Enemies
Wes Bentley,Knight of Cups
Wes Bentley,American Horror Story
Wes Bentley,The Last Word
Wes Bentley,Yellowstone
Wes Bentley,The Tomb
Wes Bentley,American Beauty
Wes Bentley,Hirokin: The Last Samurai
Wes Bentley,The Hunger Games
Wes Bentley,Soul Survivors
Wes Bentley,We Are Your Friends
Wes Bentley,There Be Dragons
Wes Bentley,Weirdsville
Wes Bentley,After the Fall
Ryan Irving,"3 Bed, 2 Bath, 1 Ghost"
Ryan Irving,Hold the Dark
Ryan Irving,Bark
Ryan Irving,Interstellar
Ryan Irving,Heritage Minutes: Winnipeg Falcons
Ryan Irving,Zoey's Extraordinary Playlist
Ryan Irving,Wynonna Earp
Ryan Irving,Memento Mori
Ryan Irving,DC's Legends of Tomorrow
William Devane,With Intent to Kill
William Devane,"Chips, the War Dog"
William Devane,Virus
William Devane,Revenge
William Devane,King of the Hill
William Devane,Touched by an Angel
William Devane,Fear on Trial
William Devane,The Fall
William Devane,Black Beauty
William Devane,The Bait
William Devane,Lois & Clark: The New Adventures of Superman
William Devane,Plotting 'Family Plot'
William Devane,Truth
William Devane,The Man Who Used to Be Me
William Devane,The Absolute Truth
William Devane,Jane Doe
William Devane,The Kane Files: Life of Trial
William Devane,The Snoop Sisters
William Devane,The Grinder
William Devane,Gunsmoke
William Devane,24
William Devane,Knots Landing
William Devane,The Bad News Bears in Breaking Training
William Devane,Red Flag: The Ultimate Game
William Devane,My Old Man's Place
William Devane,A Christmas Visitor
William Devane,McCabe & Mrs. Miller
William Devane,Phenom
William Devane,The West Wing
William Devane,The Dark
William Devane,Bad Turn Worse
William Devane,Lady in Waiting
William Devane,Family Plot
William Devane,Space Cowboys
William Devane,Bosch: Legacy
William Devane,Jesse Stone: Lost in Paradise
William Devane,Flag of My Father
William Devane,Medical Center
William Devane,Jesse Stone: Benefit of the Doubt
William Devane,The X-Files
William Devane,The Irish Whiskey Rebellion
William Devane,Forgotten Sins
William Devane,Mannix
William Devane,Deceit
William Devane,Red Alert
William Devane,The Michael Richards Show
William Devane,Crumbs
William Devane,Nightmare in Columbia County
William Devane,The President's Child
William Devane,In the Country
William Devane,Doomsday Rock
William Devane,The Dealership
William Devane,Monte Walsh
William Devane,Report to the Commissioner
William Devane,Jesse Stone: Innocents Lost
William Devane,For the Love of Nancy
William Devane,Payback
William Devane,Freefall: Flight 174
William Devane,Miracle on the Mountain: The Kincaid Family Story
William Devane,Jesse Stone: Sea Change
William Devane,The Preppie Murder
William Devane,The 300-Year Weekend
William Devane,Leprechaun's Revenge
William Devane,Marathon Man
William Devane,Prophet of Evil: The Ervil LeBaron Story
William Devane,Yanks
William Devane,The Missiles of October
William Devane,Vital Signs
William Devane,Night Watch
William Devane,The Dark Knight Rises
William Devane,Payback: Straight Up
William Devane,The Tonight Show Starring Johnny Carson
William Devane,From Here to Eternity
William Devane,Interstellar
William Devane,The Least Among You
William Devane,The River Why
William Devane,Timestalkers
William Devane,Rolling Thunder
William Devane,The Badge
William Devane,Hollow Man
William Devane,Hadley's Rebellion
William Devane,Exception to the Rule
William Devane,Poor White Trash
William Devane,Psych
William Devane,Testament
William Devane,The Other Victim
William Devane,Lady Liberty
William Devane,Threat of Exposure
William Devane,The Pursuit of Happiness
William Devane,50 to 1
William Devane,Knots Landing: Back to the Cul-de-Sac
William Devane,A Woman Named Jackie
William Devane,Turks
William Devane,NCIS
William Devane,Honky Tonk Freeway
William Devane,Stargate: Continuum
William Devane,Obsessed
William Devane,Ancient Secrets of the Bible
William Devane,Jesse Stone: Death in Paradise
William Devane,Hope and Gloria
William Devane,Rubdown
William Devane,Crime Club
William Devane,Jesse Stone: No Remorse
William Devane,The Monroes
William Devane,Judgment: The Court Martial of the Tiger of Malaya — General Yamashita
William Devane,Murder C.O.D.
William Devane,Race to Space
William Devane,Jesse Stone: Thin Ice
William Devane,"Good Morning, Killer"
William Devane,Stargate SG-1
Francis X. McCarthy,Renegade
Francis X. McCarthy,9-1-1
Francis X. McCarthy,Zoot Suit
Francis X. McCarthy,A Case of Deadly Force
Francis X. McCarthy,BASEketball
Francis X. McCarthy,Night Visions
Francis X. McCarthy,Stop at Nothing
Francis X. McCarthy,See Jane Date
Francis X. McCarthy,Happy Endings
Francis X. McCarthy,3rd Rock from the Sun
Francis X. McCarthy,Melrose Place
Francis X. McCarthy,Summer School
Francis X. McCarthy,Pennies from Heaven
Francis X. McCarthy,Out of Control
Francis X. McCarthy,Summer Rental
Francis X. McCarthy,Frasier
Francis X. McCarthy,The Seven Year Hitch
Francis X. McCarthy,Action Jackson
Francis X. McCarthy,All God's Children
Francis X. McCarthy,seaQuest DSV
Francis X. McCarthy,Ernie Kovacs: Between the Laughter
Francis X. McCarthy,The Great War
Francis X. McCarthy,Diplomatic Siege
Francis X. McCarthy,Hidden Agenda
Francis X. McCarthy,Altered States
Francis X. McCarthy,Dead Center
Francis X. McCarthy,Going for Broke
Francis X. McCarthy,Alien Nation
Francis X. McCarthy,Pacific Blue
Francis X. McCarthy,Black Widower
Francis X. McCarthy,The Sting II
Francis X. McCarthy,21 Jump Street
Francis X. McCarthy,The Relic
Francis X. McCarthy,Nowhere Man
Francis X. McCarthy,10.5: Apocalypse
Francis X. McCarthy,CAT. 8
Francis X. McCarthy,Rudy: The Rudy Giuliani Story
Francis X. McCarthy,Motive
Francis X. McCarthy,No Good Deed
Francis X. McCarthy,False Pretenses
Francis X. McCarthy,Hellinger's Law
Francis X. McCarthy,The A-Team
Francis X. McCarthy,Bates Motel
Francis X. McCarthy,Alcatraz: The Whole Shocking Story
Francis X. McCarthy,Downtown
Francis X. McCarthy,Abuse of Power
Francis X. McCarthy,The John Larroquette Show
Francis X. McCarthy,Shadow of Obsession
Francis X. McCarthy,Carpool
Francis X. McCarthy,Imaginaerum
Francis X. McCarthy,Perception
Francis X. McCarthy,Moonlighting
Francis X. McCarthy,Interstellar
Francis X. McCarthy,Nightwaves
Francis X. McCarthy,Working
Francis X. McCarthy,Hardcastle and McCormick
Francis X. McCarthy,Supernatural
Francis X. McCarthy,Beyond Borders
Francis X. McCarthy,Death Spa
Francis X. McCarthy,Babylon 5
Francis X. McCarthy,The Love Boat
Francis X. McCarthy,Tuff Turf
Francis X. McCarthy,Farrell: For the People
Francis X. McCarthy,The Stranger
Francis X. McCarthy,Smallville
Francis X. McCarthy,Story of Jen
Francis X. McCarthy,A Last Cry for Help
Francis X. McCarthy,Nightwish: Making of Imaginaerum
Francis X. McCarthy,The Practice
Francis X. McCarthy,On the Basis of Sex
Francis X. McCarthy,Second Chance
Francis X. McCarthy,The Return of Hunter: Everyone Walks in L.A.
Francis X. McCarthy,NCIS
Francis X. McCarthy,The Reagans
Francis X. McCarthy,The Man with Two Brains
Francis X. McCarthy,ALF
Francis X. McCarthy,Illegal in Blue
Francis X. McCarthy,MacGruder and Loud
Francis X. McCarthy,That Was Then... This Is Now
Francis X. McCarthy,Cutter's Way
Francis X. McCarthy,M.A.N.T.I.S.
Flora Nolan,Interstellar
Flora Nolan,Robster
Flora Nolan,Oppenheimer
Flora Nolan,Love Bomb Baby
Francis X. McCarthy,Cheers
Francis X. McCarthy,The French Atlantic Affair
Francis X. McCarthy,Red Rover
Francis X. McCarthy,Dead Men Don't Wear Plaid
Bill Irwin,Silent Tongue
Bill Irwin,Lust Life Love
Bill Irwin,Rachel Getting Married
Bill Irwin,Hot Shots!
Bill Irwin,Sister Act 2: Back in the Habit
Bill Irwin,"Goldstar, Ohio"
Bill Irwin,The Andy Warhol Diaries
Bill Irwin,Stepping Out
Bill Irwin,My Blue Heaven
Bill Irwin,4th Dementia
Bill Irwin,Saturday Night Live
Bill Irwin,A New Life
Bill Irwin,3rd Rock from the Sun
Bill Irwin,Scenes from a Mall
Bill Irwin,Popeye
Bill Irwin,Charlie: The Life and Art of Charles Chaplin
Bill Irwin,Higher Ground
Bill Irwin,A Midsummer Night's Dream
Bill Irwin,Star Trek: Discovery
Bill Irwin,New Amsterdam
Bill Irwin,Old Hats
Bill Irwin,Identity Theft
Bill Irwin,It Takes a Lunatic
Bill Irwin,The Manchurian Candidate
Bill Irwin,Sesame Street: Play All Day with Elmo!
Bill Irwin,South of Hell
Bill Irwin,Igby Goes Down
Bill Irwin,Life on Mars
Bill Irwin,Irresistible
Bill Irwin,Elementary
Bill Irwin,Never Stand Still
Bill Irwin,Legion
Bill Irwin,The Laramie Project
Bill Irwin,Illuminata
Bill Irwin,The Last Mile
Bill Irwin,Just the Ticket
Bill Irwin,The Good Wife
Bill Irwin,Law & Order
Bill Irwin,Quarry
Bill Irwin,"Sesame Street: Elmo's World: Families, Mail & Bath Time!"
Bill Irwin,The Adventures of Pete & Pete
Bill Irwin,Sesame Street: Elmo's World: Penguins and Friends
Bill Irwin,Across the Universe
Bill Irwin,Sesame Street's 50th Anniversary Celebration
Bill Irwin,The Regard of Flight
Bill Irwin,Sesame Street: Elmo's World: Reach for the Sky!
Bill Irwin,Eight Men Out
Bill Irwin,Red Hot + Blue: A Tribute to Cole Porter
Bill Irwin,Confirmation
Bill Irwin,This Is Us
Bill Irwin,Sondheim: A Celebration at Carnegie Hall
Bill Irwin,Blue Bloods
Bill Irwin,CSI: Crime Scene Investigation
Bill Irwin,Waiting for Godot in San Quentin
Bill Irwin,Interstellar
Bill Irwin,Raving
Bill Irwin,Lights Out
Bill Irwin,Law & Order: Criminal Intent
Bill Irwin,Sesame Street: Elmo's World: What Makes You Happy?
Bill Irwin,Circus Kid
Bill Irwin,Sleepy Hollow
Bill Irwin,Niagara: A History of the Falls
Bill Irwin,Monday Mornings
Bill Irwin,Lady in the Water
Bill Irwin,Subway Stories
Bill Irwin,The Cosby Show
Bill Irwin,Ricki and the Flash
Bill Irwin,Sesame Street: 40 Years of Sunny Days
Bill Irwin,The Gilded Age
Bill Irwin,Law & Order: Special Victims Unit
Bill Irwin,High Tide
Bill Irwin,The Great Buster: A Celebration
Bill Irwin,Spoiler Alert
Bill Irwin,Endgame
Bill Irwin,Show Boat
Bill Irwin,How the Grinch Stole Christmas
Bill Irwin,The Dropout
Bill Irwin,Memorial: Letters from American Soldiers
Bill Irwin,Rustin
Bill Irwin,Mudflat
Russ Fega,Tales of the Unknown
Russ Fega,Galaxis
Russ Fega,Things I Never Told You
Russ Fega,The Naked Truth
Russ Fega,The Dark Knight Rises
Russ Fega,Pacific Blue
Russ Fega,I Am Sam
Russ Fega,The Prestige
Russ Fega,Unholy Matrimony
Russ Fega,Interstellar
Russ Fega,Sticks & Stones
Russ Fega,Mobsters
Russ Fega,Star Trek: Voyager
Russ Fega,Veronica's Closet
Russ Fega,Memento
Russ Fega,Babylon 5
Russ Fega,Judas Kiss
Russ Fega,Suddenly Susan
Russ Fega,Inception
Russ Fega,"Murder, She Wrote"
Russ Fega,Prey of the Chameleon
Russ Fega,Used Cars
Casey Affleck,Stoner
Casey Affleck,Inside 'Interstellar'
Casey Affleck,The Smack
Casey Affleck,The Last Kiss
Casey Affleck,The Eisen Hour
Casey Affleck,Ain't Them Bodies Saints
Casey Affleck,200 Cigarettes
Casey Affleck,A Ghost Story
Casey Affleck,To Die For
Casey Affleck,Ocean's Eleven
Casey Affleck,WWII in HD: The Air War
Casey Affleck,Chasing Amy
Casey Affleck,Out of the Furnace
Casey Affleck,Slingshot
Casey Affleck,Saturday Night Live
Casey Affleck,LIVE with Kelly and Mark
Casey Affleck,Unity
Casey Affleck,Every Breath You Take
Casey Affleck,Ocean's Twelve
Casey Affleck,I'm a LA... Get Me Out of Here!
Casey Affleck,Our Friend
Casey Affleck,The Old Man & the Gun
Casey Affleck,Lonesome Jim
Casey Affleck,Ocean's Thirteen
Casey Affleck,Desert Blue
Casey Affleck,Race the Sun
Casey Affleck,Oppenheimer
Casey Affleck,Hamlet
Casey Affleck,Dreamin' Wild
Casey Affleck,The World to Come
Casey Affleck,Triple 9
Casey Affleck,Drowning Mona
Casey Affleck,Attention Shoppers
Casey Affleck,Variety Studio: Actors on Actors
Casey Affleck,ParaNorman
Casey Affleck,Interstellar
Casey Affleck,Committed
Casey Affleck,Good Will Hunting
Casey Affleck,The Finest Hours
Casey Affleck,Light of My Life
Casey Affleck,Floating
Casey Affleck,I'm Still Here
Casey Affleck,Manchester by the Sea
Casey Affleck,Late Night with Seth Meyers
Casey Affleck,Tower Heist
Casey Affleck,American Pie
Casey Affleck,The Killer Inside Me
Casey Affleck,Saltlake Van Sant
Casey Affleck,Close Up with The Hollywood Reporter
Casey Affleck,The Assassination of Jesse James by the Coward Robert Ford
Casey Affleck,Soul Survivors
Casey Affleck,The Assassination of Jesse James: Death of an Outlaw
Casey Affleck,American Pie 2
Casey Affleck,Lemon Sky
Casey Affleck,The Instigators
Casey Affleck,Gone Baby Gone
Casey Affleck,Joaquin Phoenix: An Actor of Extremes
Casey Affleck,The Kennedys of Massachusetts
Casey Affleck,Real Time with Bill Maher
Casey Affleck,Gerry
John Lithgow,Sharper
John Lithgow,Late Night with Conan O'Brien
John Lithgow,Shrek in the Swamp Karaoke Dance Party
John Lithgow,Dexter
John Lithgow,The Macabre World of Lavender Williams
John Lithgow,Faerie Tale Theatre
John Lithgow,The Wrong Man
John Lithgow,Night of 100 Stars III
John Lithgow,Twenty Good Years
John Lithgow,The Accountant
John Lithgow,The Boys
John Lithgow,The Investigation: A Search for the Truth in Ten Acts
John Lithgow,Liv Ullmann: A Road Less Travelled
John Lithgow,Give My Regards to Broadway
John Lithgow,The Apprentice: Martha Stewart
John Lithgow,Today
John Lithgow,Broadway: The Next Generation
John Lithgow,The Tuskegee Airmen
John Lithgow,The Amazing Bone
John Lithgow,The Glitter Dome
John Lithgow,Saturday Night Live
John Lithgow,3rd Rock from the Sun
John Lithgow,Traveling Man
John Lithgow,Resting Place
John Lithgow,Orange County
John Lithgow,The Rule of Jenny Pen
John Lithgow,Goldilocks and the Three Bears
John Lithgow,Lord John
John Lithgow,Hollow Point
John Lithgow,Amazing Stories
John Lithgow,Bombshell
John Lithgow,Leap Year
John Lithgow,My Brother's Keeper
John Lithgow,Frasier
John Lithgow,The Tonight Show Starring Jimmy Fallon
John Lithgow,"Mom, the Wolfman and Me"
John Lithgow,ShowBusiness: The Road to Broadway
John Lithgow,Johnny Skidmarks
John Lithgow,The Colbert Report
John Lithgow,Tony Awards
John Lithgow,The Great Robot Race: The DARPA Grand Challenge
John Lithgow,Harry and the Hendersons
John Lithgow,Masters of Illusion: The Wizards of Special Effects
John Lithgow,Emily @ the Edge of Chaos
John Lithgow,The Old Man
John Lithgow,Firing Line with Margaret Hoover
John Lithgow,Shrek
John Lithgow,Cosby
John Lithgow,Disclosure
John Lithgow,Once Upon a Time in Wonderland
John Lithgow,The Graham Norton Show
John Lithgow,Special Effects: Anything Can Happen
John Lithgow,Distant Thunder
John Lithgow,The Country Mouse & the City Mouse: A Christmas Tale
John Lithgow,Ricochet
John Lithgow,Redwood Curtain
John Lithgow,Baby Girl Scott
John Lithgow,Obsession
John Lithgow,Footloose
John Lithgow,Mesmerized
John Lithgow,Amazing Stories: The Movie II
John Lithgow,The Great Celebrity Bake Off for Stand Up To Cancer
John Lithgow,Daddy's Home 2
John Lithgow,The Big Fix
John Lithgow,Princess Caraboo
John Lithgow,They All Saw a Cat
John Lithgow,Late Night
John Lithgow,The West
John Lithgow,Rich Kids
John Lithgow,Shakespeare Live! From the RSC
John Lithgow,The Adventures of Buckaroo Banzai Across the 8th Dimension
John Lithgow,Ultra City Smiths
John Lithgow,The Life and Death of Peter Sellers
John Lithgow,"Bark, George"
John Lithgow,Watch What Happens Live with Andy Cohen
John Lithgow,Spellbound
John Lithgow,Raising Cain
John Lithgow,Rugrats in Paris: The Movie
John Lithgow,Marvin Hamlisch: What He Did For Love
John Lithgow,At Play in the Fields of the Lord
John Lithgow,Sherri
John Lithgow,New Year's Eve
John Lithgow,The Country Girl
John Lithgow,I'm Dancing as Fast as I Can
John Lithgow,Killers of the Flower Moon
John Lithgow,James Cameron's Story of Science Fiction
John Lithgow,The Best of The Tony Awards: The Plays
John Lithgow,Silent Fall
John Lithgow,Late Night with Seth Meyers
John Lithgow,Stars in the House
John Lithgow,Cabrini
John Lithgow,Tales from the Crypt
John Lithgow,Twilight Zone: The Movie
John Lithgow,Hallmark Hall of Fame
John Lithgow,Dreamgirls
John Lithgow,Close Up with The Hollywood Reporter
John Lithgow,Shrek: Once Upon a Time
John Lithgow,Hickory Dickory Doc
John Lithgow,2010
John Lithgow,Pitch Perfect 3
John Lithgow,The Crown
John Lithgow,Memphis Belle
John Lithgow,Dealing: Or the Berkeley-to-Boston Forty-Brick Lost-Bag Blues
John Lithgow,How I Met Your Mother
John Lithgow,Mister Rogers: It's You I Like
John Lithgow,NOVA
John Lithgow,The Early Show
John Lithgow,Terms of Endearment
John Lithgow,Dick Van Dyke: 98 Years of Magic
John Lithgow,Inside 'Interstellar'
John Lithgow,Perry Mason
John Lithgow,American Cinema
John Lithgow,Out Cold
John Lithgow,The Bubble
John Lithgow,Shrek Stories
John Lithgow,Dogs and More Dogs
John Lithgow,The Tomorrow Man
John Lithgow,Best of Enemies
John Lithgow,Big Blonde
John Lithgow,Great Performances
John Lithgow,Santa Claus: The Movie
John Lithgow,Conan
John Lithgow,Einstein's Big Idea
John Lithgow,Kinsey
John Lithgow,The Simpsons
John Lithgow,Confessions of a Shopaholic
John Lithgow,Rise of the Planet of the Apes
John Lithgow,Pet Sematary
John Lithgow,Chez Bob
John Lithgow,Sangre
John Lithgow,The Manhattan Project
John Lithgow,Sylvester and the Magic Pebble
John Lithgow,The Ghost of Lord Farquaad
John Lithgow,Casting By
John Lithgow,Interstellar
John Lithgow,Tales from the Crypt: The Robert Zemeckis Collection
John Lithgow,Trial & Error
John Lithgow,Prohibition
John Lithgow,The World According to Garp
John Lithgow,The View
John Lithgow,Finding Your Roots
John Lithgow,Secret Service
John Lithgow,The Late Show with Stephen Colbert
John Lithgow,VH1 Goes Inside
John Lithgow,The Campaign
John Lithgow,The Rosie O'Donnell Show
John Lithgow,National Theatre Live: The Magistrate
John Lithgow,Car of the Future
John Lithgow,Don Quixote
John Lithgow,The Tony Danza Show
John Lithgow,E! Live from the Red Carpet
John Lithgow,Cliffhanger
John Lithgow,Projections of America
John Lithgow,The Kelly Clarkson Show
John Lithgow,All That Jazz
John Lithgow,"Love, Cheat & Steal"
John Lithgow,Pet Sematary: The Tale of Timmy Baterman
John Lithgow,A Civil Action
John Lithgow,Jimpa
John Lithgow,This Is 40
John Lithgow,Not in Front of the Children
John Lithgow,The Pulitzer At 100
John Lithgow,On Broadway
John Lithgow,A Good Man in Africa
John Lithgow,The Oldest Living Graduate
John Lithgow,Homegrown
John Lithgow,The Daily Show
John Lithgow,Art Happens Here with John Lithgow
John Lithgow,95 Worlds and Counting
John Lithgow,Myths and Hymns
John Lithgow,Dexter: New Blood
John Lithgow,Golden Globe Awards
John Lithgow,Timms Valley
John Lithgow,World War II: When Lions Roared
John Lithgow,The Jungle Bunch 2: The Great Treasure Quest
John Lithgow,Live in Front of a Studio Audience: The Facts of Life and Diff'rent Strokes
John Lithgow,Ode to Joy: Beethoven's Symphony No. 9
John Lithgow,Variety Studio: Actors on Actors
John Lithgow,Conclave
John Lithgow,9 Kisses
John Lithgow,Buckaroo Banzai Declassified
John Lithgow,The Roosevelts: An Intimate History
John Lithgow,30 Rock
John Lithgow,The Homesman
John Lithgow,The Pelican Brief
John Lithgow,The Day After
John Lithgow,Officer Buckle and Gloria
John Lithgow,Blow Out
John Lithgow,Miracle in a Box: A Piano Reborn
John Lithgow,Ivory Hunters
John Lithgow,Beatriz at Dinner
John Lithgow,Santa Claus: The Making of the Movie
John Lithgow,Love Is Strange
John Lithgow,Miss Sloane
John Lithgow,John Lithgow's Kid-Sized Concert
Liam Dickinson,Riverdale
Liam Dickinson,R. L. Stine's The Haunting Hour
Liam Dickinson,Interstellar
Liam Dickinson,Home Invasion
Liam Dickinson,Wait Till Helen Comes
David Oyelowo,Jack Reacher: When the Man Comes Around
David Oyelowo,As Time Goes By
David Oyelowo,Tamron Hall
David Oyelowo,A United Kingdom
David Oyelowo,August 28: A Day in the Life of a People
David Oyelowo,A Raisin in the Sun
David Oyelowo,Queen of Katwe
David Oyelowo,Rage
David Oyelowo,Sweet Nothing in My Ear
David Oyelowo,"Glenn Martin, DDS"
David Oyelowo,LIVE with Kelly and Mark
David Oyelowo,The Book of Clarence
David Oyelowo,Nina
David Oyelowo,Earth's Great Rivers
David Oyelowo,Dog Eat Dog
David Oyelowo,The Bastard King
David Oyelowo,Star Wars Rebels
David Oyelowo,The Tonight Show Starring Jimmy Fallon
David Oyelowo,Small Island
David Oyelowo,Off Camera with Sam Jones
David Oyelowo,Tony Awards
David Oyelowo,Red Tails
David Oyelowo,Don't Let Go
David Oyelowo,The Girl Before
David Oyelowo,Born Equal
David Oyelowo,Earth's Great Rivers II
David Oyelowo,A Wrinkle in Time
David Oyelowo,A Sound of Thunder
David Oyelowo,Peter Rabbit 2: The Runaway
David Oyelowo,Five Nights in Maine
David Oyelowo,The Joel McHale Show with Joel McHale
David Oyelowo,The Water Man
David Oyelowo,See How They Run
David Oyelowo,The Lion Guard
David Oyelowo,Black Hollywood: 'They've Gotta Have Us'
David Oyelowo,Selma
David Oyelowo,Watch What Happens Live with Andy Cohen
David Oyelowo,The Arsenio Hall Show
David Oyelowo,Nightingale
David Oyelowo,Sherri
David Oyelowo,Late Night with Seth Meyers
David Oyelowo,The Good Wife
David Oyelowo,Close Up with The Hollywood Reporter
David Oyelowo,The Cloverfield Paradox
David Oyelowo,Come Away
David Oyelowo,96 Minutes
David Oyelowo,Star Wars Rebels: The Siege of Lothal
David Oyelowo,Sweet Thunder
David Oyelowo,Derailed
David Oyelowo,Lincoln
David Oyelowo,The Best Man
David Oyelowo,The Oscars
David Oyelowo,Chaos Walking
David Oyelowo,Default
David Oyelowo,The Lion Guard: The Rise of Scar
David Oyelowo,The Midnight Sky
David Oyelowo,Conan
David Oyelowo,The Help
David Oyelowo,Home Movie: The Princess Bride
David Oyelowo,Becoming King
David Oyelowo,Star Wars Rebels: Spark of Rebellion
David Oyelowo,The Frame
David Oyelowo,Captive
David Oyelowo,Silo
David Oyelowo,Jack Reacher
David Oyelowo,Rise of the Planet of the Apes
David Oyelowo,Government Cheese
David Oyelowo,Tomorrow La Scala!
David Oyelowo,Jimmy Kimmel Live!
David Oyelowo,The After
David Oyelowo,Interstellar
David Oyelowo,Spooks
David Oyelowo,Lawmen: Bass Reeves
David Oyelowo,Blood And Oil
David Oyelowo,The View
David Oyelowo,A Most Violent Year
David Oyelowo,National Theatre Live: Coriolanus
David Oyelowo,The Last King of Scotland
David Oyelowo,Who Do You Love
David Oyelowo,Solitary
David Oyelowo,Complicit
David Oyelowo,Off Script with The Hollywood Reporter
David Oyelowo,The Butler
David Oyelowo,The No. 1 Ladies' Detective Agency
David Oyelowo,Gringo
David Oyelowo,The Passion
David Oyelowo,As You Like It
David Oyelowo,Mayo
David Oyelowo,Variety Studio: Actors on Actors
David Oyelowo,Role Play
David Oyelowo,9 Kisses
David Oyelowo,Les Misérables
David Oyelowo,Shoot the Messenger
David Oyelowo,The Tiger Who Came to Tea
David Oyelowo,Five Days
David Oyelowo,Maisie Raine
David Oyelowo,The Paperboy
David Oyelowo,Rahab
David Oyelowo,Middle of Nowhere
Anne Hathaway,The Ellen DeGeneres Show
Anne Hathaway,Late Night with Conan O'Brien
Anne Hathaway,Interstellar: Nolan's Odyssey
Anne Hathaway,Rachel Getting Married
Anne Hathaway,Sesame Street: Elmo's Playdate
Anne Hathaway,Alice in Wonderland: The Mad Hatter
Anne Hathaway,Ella Enchanted
Anne Hathaway,The Hustle
Anne Hathaway,PoliWood
Anne Hathaway,She Came to Me
Anne Hathaway,LIVE with Kelly and Mark
Anne Hathaway,Les Misérables: The History of the World's Greatest Story
Anne Hathaway,Saturday Night Live
Anne Hathaway,Colossal
Anne Hathaway,Don Peyote
Anne Hathaway,Family Guy Presents: It's a Trap!
Anne Hathaway,Kids' Choice Awards
Anne Hathaway,Sesame Street: Elmo's Christmas Countdown
Anne Hathaway,The Devil Wears Prada
Anne Hathaway,A Place in Time
Anne Hathaway,The Tonight Show Starring Jimmy Fallon
Anne Hathaway,The Princess Diaries 2: Royal Engagement
Anne Hathaway,Mothers' Instinct
Anne Hathaway,Between Two Ferns with Zach Galifianakis
Anne Hathaway,Alice in Wonderland: Finding Alice
Anne Hathaway,Documentary Now!
Anne Hathaway,Passengers
Anne Hathaway,Live from Studio Five
Anne Hathaway,Mother Mary
Anne Hathaway,Locked Down
Anne Hathaway,E! True Hollywood Story
Anne Hathaway,Catwoman: The Feline Femme Fatale
Anne Hathaway,The Graham Norton Show
Anne Hathaway,WeCrashed
Anne Hathaway,The Last Thing He Wanted
Anne Hathaway,Alice in Wonderland
Anne Hathaway,Barbra: The Music ... The Mem'ries ... The Magic!
Anne Hathaway,The Idea of You
Anne Hathaway,Roald Dahl's The Witches
Anne Hathaway,Nicholas Nickleby
Anne Hathaway,The Magical World of Ella Enchanted
Anne Hathaway,Becoming Jane
Anne Hathaway,StoryBots: Answer Time
Anne Hathaway,Family Guy
Anne Hathaway,10 Mountains 10 Years
Anne Hathaway,Watch What Happens Live with Andy Cohen
Anne Hathaway,On Air with Ryan Seacrest
Anne Hathaway,Eileen
Anne Hathaway,Teen Choice Awards
Anne Hathaway,Entertainment Tonight
Anne Hathaway,The Princess Diaries
Anne Hathaway,Late Night with Seth Meyers
Anne Hathaway,A New Princess
Anne Hathaway,On the Set: The Princess Diaries 2 – Royal Engagement
Anne Hathaway,Get Smart
Anne Hathaway,Dark Waters
Anne Hathaway,Alice Through the Looking Glass
Anne Hathaway,The Early Show
Anne Hathaway,MTV Movie & TV Awards
Anne Hathaway,Inside 'Interstellar'
Anne Hathaway,Brokeback Mountain
Anne Hathaway,RuPaul's Drag Race
Anne Hathaway,Valentine's Day
Anne Hathaway,Lip Sync Battle
Anne Hathaway,Conan
Anne Hathaway,Covidwood
Anne Hathaway,Bulgari: Unexpected Wonders
Anne Hathaway,Rio 2
Anne Hathaway,The Simpsons
Anne Hathaway,The Dark Knight Rises
Anne Hathaway,The Reichen Show
Anne Hathaway,Seesaw Monster
Anne Hathaway,Jimmy Kimmel Live!
Anne Hathaway,Valentino: The Last Emperor
Anne Hathaway,Serenity
Anne Hathaway,Interstellar
Anne Hathaway,Yesteryear
Anne Hathaway,Late Night with Jimmy Fallon
Anne Hathaway,Ocean's Eight
Anne Hathaway,Modern Love
Anne Hathaway,The View
Anne Hathaway,French Children Don't Throw Food
Anne Hathaway,Letters to Jackie: Remembering President Kennedy
Anne Hathaway,The Late Show with Stephen Colbert
Anne Hathaway,Song One
Anne Hathaway,The Intern
Anne Hathaway,Rio
Anne Hathaway,Don Jon
Anne Hathaway,The Princess Diaries 3
Anne Hathaway,The Kelly Clarkson Show
Anne Hathaway,HitRECord on TV with Joseph Gordon-Levitt
Anne Hathaway,Armageddon Time
Anne Hathaway,Patricia Field: Fashion Visionary
Anne Hathaway,The Fire Rises: The Creation and Impact of The Dark Knight Trilogy
Anne Hathaway,Flowervale Street
Anne Hathaway,Love & Other Drugs
Anne Hathaway,The Other Side of Heaven
Anne Hathaway,The Daily Show
Anne Hathaway,Hoodwinked!
Anne Hathaway,Dark Waters: The Cost of Being a Hero
Anne Hathaway,Variety Studio: Actors on Actors
Anne Hathaway,Girl Rising
Anne Hathaway,Ending the Knight
Anne Hathaway,Get Real
Anne Hathaway,Havoc
Anne Hathaway,Les Misérables
Anne Hathaway,WWE Survivor Series 2012
Anne Hathaway,The Happy Days of Garry Marshall
Anne Hathaway,Wide-Awake
Anne Hathaway,One Day
Anne Hathaway,The Tonight Show with Jay Leno
Anne Hathaway,History 101
Anne Hathaway,Ocean's Team 3.0
Anne Hathaway,Solos
Anne Hathaway,Bride Wars
Kristian Van der Heyden,Zone Stad
Kristian Van der Heyden,Interstellar
Kristian Van der Heyden,Spoed
Leah Cairns,Darrow & Darrow: In The Key Of Murder
Leah Cairns,Along Came a Nanny
Leah Cairns,Past Malice: An Emma Fielding Mystery
Leah Cairns,Bates Motel
Leah Cairns,Battlestar Galactica: The Plan
Leah Cairns,Godiva's
Leah Cairns,Helen
Leah Cairns,Battlestar Galactica
Leah Cairns,Dead Over Heels: An Aurora Teagarden Mystery
Leah Cairns,Deep Evil
Leah Cairns,Kyle XY
Leah Cairns,Travelers
Leah Cairns,Site Unseen: An Emma Fielding Mystery
Leah Cairns,Interstellar
Leah Cairns,The Reality of Love
Leah Cairns,88 Minutes
Leah Cairns,Blood Angels
Leah Cairns,Robson Arms
Leah Cairns,The Tomorrow People
Leah Cairns,Sanctuary
Leah Cairns,Supernatural
Leah Cairns,Tru Calling
Leah Cairns,Mega Cyclone
Leah Cairns,Motive
Leah Cairns,Saving Milly
Matt Damon,Final Cut: Ladies and Gentlemen
Matt Damon,Late Night with Conan O'Brien
Matt Damon,The Zero Theorem
Matt Damon,Backpack Full of Cash
Matt Damon,The Long Way Home: Making 'The Martian'
Matt Damon,'Saving Private Ryan': Boot Camp
Matt Damon,After Frank
Matt Damon,Jay Leno's Garage
Matt Damon,Drive-Away Dolls
Matt Damon,Happy Feet Two
Matt Damon,The Legend of Bagger Vance
Matt Damon,Radioman
Matt Damon,Downsizing
Matt Damon,Today
Matt Damon,Glory Daze
Matt Damon,Saturday Night Live
Matt Damon,"Oh, What a Lovely Tea Party"
Matt Damon,SmartLess: On the Road
Matt Damon,2007 Boston Red Sox: The Official World Series Film
Matt Damon,Stillwater
Matt Damon,Jay and Silent Bob Strike Back
Matt Damon,Clerk
Matt Damon,Good Will Hunting
Matt Damon,The Tonight Show Starring Jimmy Fallon
Matt Damon,14 Actors Acting
Matt Damon,Once Upon a Deadpool
Matt Damon,Behind the Candelabra
Matt Damon,Contagion
Matt Damon,Saltlake Van Sant
Matt Damon,The Good Shepherd
Matt Damon,Off Camera with Sam Jones
Matt Damon,Heath Ledger: A Tribute
Matt Damon,American Idol
Matt Damon,Confessions of a Dangerous Mind
Matt Damon,Stuck on You
Matt Damon,Live from Studio Five
Matt Damon,Die Clint Eastwood Story
Matt Damon,Gerry
Matt Damon,Firing Line with Margaret Hoover
Matt Damon,Ford v Ferrari: Bringing the Rivalry to Life
Matt Damon,Titan A.E.
Matt Damon,The Graham Norton Show
Matt Damon,True Grit
Matt Damon,Thor: Love and Thunder
Matt Damon,Thor: Ragnarok
Matt Damon,Notes on an American Film Director at Work
Matt Damon,Animals
Matt Damon,The Martian
Matt Damon,Ocean's Eleven
Matt Damon,Jay and Silent Bob Reboot
Matt Damon,Margaret
Matt Damon,Dogma
Matt Damon,Courage Under Fire
Matt Damon,The Great Wall
Matt Damon,Robin Williams Remembered
Matt Damon,Geronimo: An American Legend
Matt Damon,EuroTrip
Matt Damon,Magnificent Desolation: Walking on the Moon
Matt Damon,Teenage Paparazzo
Matt Damon,Teen Choice Awards
Matt Damon,Plan B
Matt Damon,Entertainment Tonight
Matt Damon,The Making of the Last Duel
Matt Damon,Late Night with Seth Meyers
Matt Damon,Mystic Pizza
Matt Damon,Close Up with The Hollywood Reporter
Matt Damon,Crossing Criminal Cultures
Matt Damon,Marvel Studios Assembled: The Making of Thor: Love and Thunder
Matt Damon,Syriana
Matt Damon,Stuck Together: Bringing Stuck on You to the Screen
Matt Damon,Air
Matt Damon,The Early Show
Matt Damon,MTV Movie & TV Awards
Matt Damon,The Oscars
Matt Damon,"Stranger Than Fiction: The True Story of Whitey Bulger, Southie and 'The Departed'"
Matt Damon,The Departed
Matt Damon,Hot Ones
Matt Damon,The Rainmaker
Matt Damon,Inside Job
Matt Damon,The Brothers Grimm
Matt Damon,The Talented Mr. Ripley: Making the Soundtrack
Matt Damon,De Wereld Draait Door
Matt Damon,Brave Blue World: Racing to Solve Our Water Crisis
Matt Damon,Inside Christopher Nolan's Oppenheimer
Matt Damon,Geeking Out
Matt Damon,Invictus
Matt Damon,Youth Without Youth
Matt Damon,Deadpool 2
Matt Damon,Howard Zinn: You Can't Be Neutral on a Moving Train
Matt Damon,Conan
Matt Damon,Elysium
Matt Damon,Untitled Christopher Nolan Film
Matt Damon,The Last Duel
Matt Damon,Che: Part Two
Matt Damon,Life of Kylie
Matt Damon,The Informant!
Matt Damon,Morgenmagazin
Matt Damon,Ocean's Thirteen
Matt Damon,Jimmy Kimmel Live!
Matt Damon,The Monuments Men
Matt Damon,The Man Who Saved the World
Matt Damon,His Way
Matt Damon,The Bernie Mac Show
Matt Damon,Interstellar
Matt Damon,School Ties
Matt Damon,Inside the Actors Studio
Matt Damon,Inside 'The Talented Mr. Ripley'
Matt Damon,Boston
Matt Damon,Rising Son
Matt Damon,The Talented Mr. Ripley
Matt Damon,Law & Order: Criminal Intent
Matt Damon,The Bourne Dilemma
Matt Damon,The View
Matt Damon,Saving Private Ryan
Matt Damon,The Late Show with Stephen Colbert
Matt Damon,IF
Matt Damon,Finding Forrester
Matt Damon,Jason Bourne
Matt Damon,The Majestic
Matt Damon,Time Bomb Y2K
Matt Damon,Prince: 21 Nights in London
Matt Damon,Ford v Ferrari
Matt Damon,Hereafter
Matt Damon,The Bourne Ultimatum
Matt Damon,Suburbicon
Matt Damon,The Adjustment Bureau
Matt Damon,No Sudden Move
Matt Damon,The Kelly Clarkson Show
Matt Damon,Honest Trailers
Matt Damon,"Women, War & Peace"
Matt Damon,RIP
Matt Damon,The Bourne Identity
Matt Damon,We Bought a Zoo
Matt Damon,The Brothers Grimm: Bringing the Fairytale to Life
Matt Damon,Will & Grace
Matt Damon,All the Pretty Horses
Matt Damon,Chasing Amy
Matt Damon,Green Zone
Matt Damon,Entourage
Matt Damon,Jersey Girl
Matt Damon,Celebrities Uncensored
Matt Damon,Ocean's Twelve
Matt Damon,Reflections on 'the Talented Mr. Ripley'
Matt Damon,The Daily Show
Matt Damon,Golden Globe Awards
Matt Damon,Oppenheimer
Matt Damon,The Good Old Boys
Matt Damon,Making It Stick: The Makeup Effects of Stuck on You
Matt Damon,Spirit: Stallion of the Cimarron
Matt Damon,The Third Wheel
Matt Damon,Encyclopedia of Useless Facts Around The Earth
Matt Damon,Unsane
Matt Damon,The Jay Leno Show
Matt Damon,30 Rock
Matt Damon,Field of Dreams
Matt Damon,Making 'Saving Private Ryan'
Matt Damon,ARES: live
Matt Damon,Judge Not: In Defense of Dogma
Matt Damon,American Teacher
Matt Damon,The Tonight Show with Jay Leno
Matt Damon,Promised Land
Matt Damon,The Instigators
Matt Damon,The Bourne Supremacy
Matt Damon,Coda: Thirty Years Later
Matt Damon,Rounders
Matt Damon,The Roast of Tom Brady
Collette Wolfe,17 Again
Collette Wolfe,Observe and Report
Collette Wolfe,Next Caller
Collette Wolfe,Semi-Pro
Collette Wolfe,Shameless
Collette Wolfe,Reaper
Collette Wolfe,A.P. Bio
Collette Wolfe,Great World of Sound
Collette Wolfe,Cougar Town
Collette Wolfe,The Babymakers
Collette Wolfe,Young Adult
Collette Wolfe,Second Nature
Collette Wolfe,100 Questions
Collette Wolfe,Greek
Collette Wolfe,Devil's Knot
Collette Wolfe,Play Nice
Collette Wolfe,Traffic Light
Collette Wolfe,Hot Tub Time Machine 2
Collette Wolfe,Really
Collette Wolfe,The Office
Collette Wolfe,Eastbound & Down
Collette Wolfe,Friends with Benefits
Collette Wolfe,The Wager
Collette Wolfe,Quantum Leap
Collette Wolfe,Interstellar
Collette Wolfe,A Beautiful Now
Collette Wolfe,Mad Men
Collette Wolfe,The Foot Fist Way
Collette Wolfe,Hot Tub Time Machine
Collette Wolfe,You're the Worst
Collette Wolfe,Four Christmases
Collette Wolfe,Royal Pains
Collette Wolfe,How I Met Your Mother
Collette Wolfe,Your Family or Mine
Collette Wolfe,Grey's Anatomy
William Patrick Brown,Friends with Benefits
William Patrick Brown,Interstellar
William Patrick Brown,Chuck
William Patrick Brown,Mighty Med
Matthew McConaughey,The Story of Darrell Royal
Matthew McConaughey,The Ellen DeGeneres Show
Matthew McConaughey,Late Night with Conan O'Brien
Matthew McConaughey,Interstellar: Nolan's Odyssey
Matthew McConaughey,Tamron Hall
Matthew McConaughey,We Are Marshall
Matthew McConaughey,King of the Hill
Matthew McConaughey,How to Lose a Guy in 10 Days
Matthew McConaughey,Scorpion Spring
Matthew McConaughey,Tropic Thunder
Matthew McConaughey,Sing
Matthew McConaughey,Deep in the Heart: A Texas Wildlife Story
Matthew McConaughey,Today
Matthew McConaughey,Glory Daze
Matthew McConaughey,Saturday Night Live
Matthew McConaughey,LIVE with Kelly and Mark
Matthew McConaughey,Angels in the Outfield
Matthew McConaughey,Fool's Gold
Matthew McConaughey,"Surfer, Dude"
Matthew McConaughey,Between Two Ferns: The Movie
Matthew McConaughey,The Tonight Show Starring Jimmy Fallon
Matthew McConaughey,Agent Elvis
Matthew McConaughey,Thanks a Million
Matthew McConaughey,EDtv
Matthew McConaughey,Magic Mike
Matthew McConaughey,We Walk The Line: A Celebration of the Music of Johnny Cash
Matthew McConaughey,Killer Joe
Matthew McConaughey,Failure to Launch
Matthew McConaughey,Dallas Buyers Club
Matthew McConaughey,Submission
Matthew McConaughey,Real Time with Bill Maher
Matthew McConaughey,The Russell Howard Hour
Matthew McConaughey,Disclosure
Matthew McConaughey,The Graham Norton Show
Matthew McConaughey,Austin City Limits Celebrates 40 Years
Matthew McConaughey,The Oprah Conversation
Matthew McConaughey,Mud
Matthew McConaughey,The Men In Blazers Show
Matthew McConaughey,Making Dazed
Matthew McConaughey,Frailty
Matthew McConaughey,White Boy Rick
Matthew McConaughey,CMT Insider
Matthew McConaughey,Synthesizers
Matthew McConaughey,Two for the Money
Matthew McConaughey,Goldene Kamera Verleihung
Matthew McConaughey,The Science of Interstellar
Matthew McConaughey,The Beach Bum
Matthew McConaughey,Making True Detective
Matthew McConaughey,Best Week Ever
Matthew McConaughey,My Crazy Life
Matthew McConaughey,Friedkin Uncut
Matthew McConaughey,Watch What Happens Live with Andy Cohen
Matthew McConaughey,Eastbound & Down
Matthew McConaughey,Magnificent Desolation: Walking on the Moon
Matthew McConaughey,Teen Choice Awards
Matthew McConaughey,Sahara
Matthew McConaughey,"Diners, Drive-Ins and Dives"
Matthew McConaughey,Late Night with Seth Meyers
Matthew McConaughey,Behind the Music
Matthew McConaughey,U-571
Matthew McConaughey,Making Sandwiches
Matthew McConaughey,Nine Ball
Matthew McConaughey,Sing 2
Matthew McConaughey,The Return of the Texas Chainsaw Massacre
Matthew McConaughey,The Rivals of Amziah King
Matthew McConaughey,Superhuman Body: World of Medical Marvels
Matthew McConaughey,The Sea of Trees
Matthew McConaughey,Paparazzi
Matthew McConaughey,Ghosts of Girlfriends Past
Matthew McConaughey,The Return of the Texas Chainsaw Massacre: The Documentary
Matthew McConaughey,Thirteen Conversations About One Thing
Matthew McConaughey,The Oscars
Matthew McConaughey,Inside 'Interstellar'
Matthew McConaughey,Hot Ones
Matthew McConaughey,Free State of Jones
Matthew McConaughey,The Jennifer Hudson Show
Matthew McConaughey,21 Years: Richard Linklater
Matthew McConaughey,Larger Than Life
Matthew McConaughey,Amistad
Matthew McConaughey,Carpool Karaoke: The Series
Matthew McConaughey,The Late Late Show with Craig Ferguson
Matthew McConaughey,The Dark Tower
Matthew McConaughey,Fast Times at Ridgemont High: A Virtual Table Read
Matthew McConaughey,Boys on the Side
Matthew McConaughey,I Am Evel Knievel
Matthew McConaughey,Jimmy Kimmel Live!
Matthew McConaughey,Lone Star
Matthew McConaughey,The Lost Bus
Matthew McConaughey,Serenity
Matthew McConaughey,Interstellar
Matthew McConaughey,TRL
Matthew McConaughey,Reign of Fire
Matthew McConaughey,Kubo and the Two Strings
Matthew McConaughey,My Boyfriend's Back
Matthew McConaughey,The View
Matthew McConaughey,A Time for Mercy
Matthew McConaughey,Richard Linklater: Dream Is Destiny
Matthew McConaughey,Gold
Matthew McConaughey,A Time to Kill
Matthew McConaughey,The Late Show with Stephen Colbert
Matthew McConaughey,Come Home
Matthew McConaughey,Welcome to Hollywood
Matthew McConaughey,The Wolf of Wall Street
Matthew McConaughey,Dazed and Confused
Matthew McConaughey,Cup of Joe
Matthew McConaughey,Sing: Thriller
Matthew McConaughey,The Kelly Clarkson Show
Matthew McConaughey,Honest Trailers
Matthew McConaughey,Bernie
Matthew McConaughey,The Gentlemen
Matthew McConaughey,Sex and the City
Matthew McConaughey,Martha & Snoop's Potluck Dinner Party
Matthew McConaughey,The Lincoln Lawyer
Matthew McConaughey,Roll Up Your Sleeves
Matthew McConaughey,True Detective
Matthew McConaughey,Celebrities Uncensored
Matthew McConaughey,The Daily Show
Matthew McConaughey,Contact
Matthew McConaughey,One World: Together at Home
Matthew McConaughey,U2 at The BBC
Matthew McConaughey,Absolute Evel: The Evel Knievel Story
Matthew McConaughey,Deadpool & Wolverine
Matthew McConaughey,Variety Studio: Actors on Actors
Matthew McConaughey,Brother from Another Mother
Matthew McConaughey,The Newton Boys
Matthew McConaughey,Red Table Talk
Matthew McConaughey,05
Matthew McConaughey,Man in the Glass: Dale Brown Story
Matthew McConaughey,Judgement
Matthew McConaughey,The Tonight Show with Jay Leno
Matthew McConaughey,Tiptoes
Matthew McConaughey,The Paperboy
Matthew McConaughey,The Wedding Planner
Michael Caine,A Hill in Korea
Michael Caine,Late Night with Conan O'Brien
Michael Caine,Interstellar: Nolan's Odyssey
Michael Caine,Half Moon Street
Michael Caine,The Day the Earth Caught Fire
Michael Caine,Jaws: The Revenge
Michael Caine,Night of 100 Stars III
Michael Caine,The Holcroft Covenant
Michael Caine,Mad About the Boy: The Noël Coward Story
Michael Caine,Charlie Sheen's Stunts Spectacular
Michael Caine,Youth
Michael Caine,The Foreign Eye
Michael Caine,Night of 100 Stars II
Michael Caine,The Island
Michael Caine,Bullet to Beijing
Michael Caine,A Shock to the System
Michael Caine,Laughs and Larrikins
Michael Caine,Dressed to Kill
Michael Caine,Ashanti
Michael Caine,Children of Men
Michael Caine,Deathtrap
Michael Caine,Top Deck
Michael Caine,LIVE with Kelly and Mark
Michael Caine,The Black Windmill
Michael Caine,Knights of Classic Drama at the BBC
Michael Caine,The Quiet American
Michael Caine,How to Murder a Rich Uncle
Michael Caine,The Making of Jaws The Revenge
Michael Caine,Shadow Run
Michael Caine,"20,000 Leagues Under the Sea"
Michael Caine,Pinter's Progress
Michael Caine,Rickles
Michael Caine,Dear Dictator
Michael Caine,Sailor Beware
Michael Caine,The Fourth Protocol
Michael Caine,Acting
Michael Caine,Inside 'the Swarm'
Michael Caine,Kingsman: The Secret Service
Michael Caine,Heath Ledger: A Tribute
Michael Caine,Tony Awards
Michael Caine,The Italian Job
Michael Caine,Wimbledon 2010 Official Film
Michael Caine,The Mike Douglas Show
Michael Caine,Four Kids and It
Michael Caine,Foxhole in Cairo
Michael Caine,The Two-Headed Spy
Michael Caine,Arte 1 Documenta
Michael Caine,Live from Studio Five
Michael Caine,Elle s'appelait Françoise
Michael Caine,Inception
Michael Caine,The Movie Life of George
Michael Caine,The Graham Norton Show
Michael Caine,Simon Simon
Michael Caine,Rabbit Ears - King Midas and the Golden Touch
Michael Caine,Navy Log
Michael Caine,Now You See Me 2
Michael Caine,Educating Rita
Michael Caine,The Last Valley
Michael Caine,Hollywood U.K.: British Cinema in the Sixties
Michael Caine,Stonehearst Asylum
Michael Caine,Medieval
Michael Caine,MCAINE: An Anagram of Cinema
Michael Caine,Gambit
Michael Caine,Solo for Sparrow
Michael Caine,Best Sellers
Michael Caine,Jack the Ripper
Michael Caine,The Whistle Blower
Michael Caine,Noises Off...
Michael Caine,Discovering Hamlet
Michael Caine,The Muppet Christmas Carol
Michael Caine,Alfie
Michael Caine,The Jigsaw Man
Michael Caine,Rowan & Martin's Laugh-In
Michael Caine,The One Show
Michael Caine,Escape to Victory
Michael Caine,Carve Her Name with Pride
Michael Caine,Zee and Co.
Michael Caine,Quicksand
Michael Caine,Der große Preis
Michael Caine,Beyond the Poseidon Adventure
Michael Caine,Journey 2: The Mysterious Island
Michael Caine,Flawless
Michael Caine,Last Orders
Michael Caine,Water
Michael Caine,The Dark Knight
Michael Caine,An Accidental Studio
Michael Caine,The Bulldog Breed
Michael Caine,Close Up with The Hollywood Reporter
Michael Caine,Come Away
Michael Caine,The Debtors
Michael Caine,The First 100 Years: A Celebration of American Movies
Michael Caine,The Golden Gong: The Story of Rank Films - British Cinema's Legendary Studio
Michael Caine,King of Thieves
Michael Caine,Too Late the Hero
Michael Caine,Danger Within
Michael Caine,Curtain Call
Michael Caine,Male of the Species
Michael Caine,Kidnapped
Michael Caine,Quills
Michael Caine,Roger Moore: A Matter Of Class
Michael Caine,The Eagle Has Landed
Michael Caine,Roman Polanski: Wanted and Desired
Michael Caine,The Honorary Consul
Michael Caine,Gnomeo & Juliet
Michael Caine,Harry Brown
Michael Caine,Fight of the Century
Michael Caine,The Oscars
Michael Caine,Inside 'Interstellar'
Michael Caine,Secondhand Lions
Michael Caine,Mona Lisa
Michael Caine,Kingsman: The Secret Service Revealed
Michael Caine,Sherlock Gnomes
Michael Caine,Around the Bend
Michael Caine,Batman Begins
Michael Caine,The Marseille Contract
Michael Caine,The Wrong Arm of the Law
Michael Caine,Now You See Me
Michael Caine,Is Anybody There?
Michael Caine,Mark Saber
Michael Caine,Sweet Liberty
Michael Caine,Tenet
Michael Caine,Woman Times Seven
Michael Caine,Surrender
Michael Caine,The Key
Michael Caine,The Adventures of William Tell
Michael Caine,Get Carter
Michael Caine,Dunkirk
Michael Caine,The Late Late Show with Craig Ferguson
Michael Caine,The Caine Mutiny Court-Martial
Michael Caine,Blind Spot
Michael Caine,A Bridge Too Far
Michael Caine,Tonite Let's All Make Love in London
Michael Caine,Battle of Britain
Michael Caine,The Dark Knight Rises
Michael Caine,Silver Bears
Michael Caine,Edgar Wallace Mysteries
Michael Caine,The Many Faces of... Michael Caine
Michael Caine,And the Winner Isn't
Michael Caine,Mandela and de Klerk
Michael Caine,Midnight in Saint Petersburg
Michael Caine,On Deadly Ground
Michael Caine,Jekyll & Hyde
Michael Caine,Deadfall
Michael Caine,Faye
Michael Caine,Valentino: The Last Emperor
Michael Caine,"John Huston: The Man, the Movies, the Maverick"
Michael Caine,Hero
Michael Caine,Interstellar
Michael Caine,Mr. Morgan's Last Love
Michael Caine,Inside the Actors Studio
Michael Caine,Cars 2
Michael Caine,Zulu
Michael Caine,Helter Skelter: An American Myth
Michael Caine,My Generation
Michael Caine,Pulp
Michael Caine,The View
Michael Caine,Blame It on Rio
Michael Caine,The Director's Notebook: The Cinematic Sleight of Hand of Christopher Nolan
Michael Caine,Legends
Michael Caine,50 Films to See Before You Die
Michael Caine,The Late Show with Stephen Colbert
Michael Caine,Funeral in Berlin
Michael Caine,The Magus
Michael Caine,The Sound of 007
Michael Caine,Without a Clue
Michael Caine,Michael Caine: Breaking the Mold
Michael Caine,Blue Ice
Michael Caine,Blood Money
Michael Caine,Twist
Michael Caine,"Dirty, Sexy & Totally Iconic"
Michael Caine,The Hand
Michael Caine,Going in Style
Michael Caine,Cary Grant: A Celebration of a Leading Man
Michael Caine,Quincy
Michael Caine,Passport to Shame
Michael Caine,Armchair Theatre
Michael Caine,The Last Witch Hunter
Michael Caine,Deadline Midnight
Michael Caine,Sir David Frost: That Was the Life That Was
Michael Caine,Billion Dollar Brain
Michael Caine,The Dick Cavett Show
Michael Caine,Shiner
Michael Caine,The Statement
Michael Caine,The Fire Rises: The Creation and Impact of The Dark Knight Trilogy
Michael Caine,The Wilby Conspiracy
Michael Caine,Little Voice
Michael Caine,Sean Connery: Private
Michael Caine,Preminger: Anatomy of a Filmmaker
Michael Caine,Harry and Walter Go to New York
Michael Caine,Play Dirty
Michael Caine,The Wrong Box
Michael Caine,Peeper
Michael Caine,The Man Who Would Be King
Michael Caine,Sleuth
Michael Caine,The Cider House Rules
Michael Caine,Miss Congeniality
Michael Caine,Parkinson
Michael Caine,The Daily Show
Michael Caine,Morning Departure
Michael Caine,Dirty Rotten Scoundrels
Michael Caine,Bewitched
Michael Caine,Golden Globe Awards
Michael Caine,The Prestige
Michael Caine,World War II: When Lions Roared
Michael Caine,California Suite
Michael Caine,V.I.P. Schaukel
Michael Caine,Ending the Knight
Michael Caine,The Great Escaper
Michael Caine,The Romantic Englishwoman
Michael Caine,Austin Powers in Goldmember
Michael Caine,Monty Python's The Meaning of Life
Michael Caine,What's My Line?
Michael Caine,Bullseye!
Michael Caine,The Weather Man
Michael Caine,The Actors
Michael Caine,Blood and Wine
Michael Caine,Hannah and Her Sisters
Michael Caine,Hamlet at Elsinore
Michael Caine,Walk a Crooked Mile
Michael Caine,The Man Who Got Carter
Michael Caine,The Adventures of Sir Lancelot
Michael Caine,The Making Of 'The Italian Job'
Michael Caine,The Tonight Show with Jay Leno
Michael Caine,AGFA MYSTERY MIXTAPE #3: SEQUELITIS
Michael Caine,The Swarm
Michael Caine,The Ipcress File
Michael Caine,Hurry Sundown
Michael Caine,The Merv Griffin Show
Michael Caine,Mr. Destiny
Benjamin Hardy,Barry
Benjamin Hardy,Into the Box
Benjamin Hardy,The Queue
Benjamin Hardy,Interstellar
Benjamin Hardy,INTERFERENCE
Lena Georgas,Westworld
Lena Georgas,FlashForward
Lena Georgas,Kingdom Hospital
Lena Georgas,Law & Order: Special Victims Unit
Lena Georgas,Scorpion
Lena Georgas,Stephen King's Kingdom Hospital
Lena Georgas,Law & Order
Lena Georgas,The Lincoln Lawyer
Lena Georgas,Lucifer
Lena Georgas,Prime Suspect
Lena Georgas,All Rise
Lena Georgas,Dirty John
Lena Georgas,Hawaii Five-0
Lena Georgas,Interstellar
Lena Georgas,Rizzoli & Isles
Lena Georgas,Refuge
Lena Georgas,NCIS
Lena Georgas,Lethal Weapon
David Gyasi,Man in an Orange Shirt
David Gyasi,Cold Blood
David Gyasi,White Heat
David Gyasi,Inside 'Interstellar'
David Gyasi,Cloud Atlas
David Gyasi,Annihilation
David Gyasi,What a Girl Wants
David Gyasi,Shooting Dogs
David Gyasi,Apparitions
David Gyasi,Containment
David Gyasi,The Diplomat
David Gyasi,Torchwood
David Gyasi,The Sandman
David Gyasi,The Dark Knight Rises
David Gyasi,Mike Bassett: Manager
David Gyasi,The Bastard Son & the Devil Himself
David Gyasi,Casualty
David Gyasi,Carnival Row
David Gyasi,Maleficent: Mistress of Evil
David Gyasi,ear for eye
David Gyasi,Interstellar
David Gyasi,Law & Order: UK
David Gyasi,Hell on the Border
David Gyasi,Pulsar
David Gyasi,Shoot the Messenger
David Gyasi,Red Tails
David Gyasi,The Whale
David Gyasi,Panic
David Gyasi,Troy: Fall of a City
David Gyasi,Waking the Dead
David Gyasi,Hunter Killer
David Gyasi,Belonging
David Gyasi,Doctor Who
Ellen Burstyn,Mermaid
Ellen Burstyn,A Decade Under the Influence
Ellen Burstyn,"Lovely, Still"
Ellen Burstyn,W.
Ellen Burstyn,The Stone Angel
Ellen Burstyn,Our Fathers
Ellen Burstyn,Night Ride Home
Ellen Burstyn,Marilyn in Manhattan
Ellen Burstyn,The Age of Adaline
Ellen Burstyn,The Time Tunnel
Ellen Burstyn,Resurrection
Ellen Burstyn,About Scout
Ellen Burstyn,I Love Liberty
Ellen Burstyn,Walking Across Egypt
Ellen Burstyn,Hanna's War
Ellen Burstyn,Night of 100 Stars II
Ellen Burstyn,The Patron Saint of Liars
Ellen Burstyn,PoliWood
Ellen Burstyn,Saturday Night Live
Ellen Burstyn,Les Rendez-vous du dimanche
Ellen Burstyn,Steven Arnold: Heavenly Bodies
Ellen Burstyn,"Mother, Couch!"
Ellen Burstyn,Broadway's Dreamers: The Legacy of the Group Theatre
Ellen Burstyn,Pit Stop
Ellen Burstyn,The Baby-Sitters Club
Ellen Burstyn,Gunsmoke
Ellen Burstyn,Providence
Ellen Burstyn,My Brother's Keeper
Ellen Burstyn,The Spitfire Grill
Ellen Burstyn,The Ellen Burstyn Show
Ellen Burstyn,The Detectives
Ellen Burstyn,Lucy in the Sky
Ellen Burstyn,Big Love
Ellen Burstyn,Cheyenne
Ellen Burstyn,Be Pretty and Shut Up!
Ellen Burstyn,Reflections of a Philosopher King
Ellen Burstyn,Twice in a Lifetime
Ellen Burstyn,Divine Secrets of the Ya-Ya Sisterhood
Ellen Burstyn,The Velveteen Rabbit
Ellen Burstyn,77 Sunset Strip
Ellen Burstyn,Tony Awards
Ellen Burstyn,The Mighty Macs
Ellen Burstyn,Dying Young
Ellen Burstyn,Night of 100 Stars
Ellen Burstyn,Alex in Wonderland
Ellen Burstyn,Hubert Selby Jr: It/ll Be Better Tomorrow
Ellen Burstyn,Ben Casey
Ellen Burstyn,According to Greta
Ellen Burstyn,Ricochet
Ellen Burstyn,Taking Back My Life: The Nancy Ziegenmeyer Story
Ellen Burstyn,Act of Vengeance
Ellen Burstyn,Bus Stop
Ellen Burstyn,River of Fundament
Ellen Burstyn,The Calling
Ellen Burstyn,Letter to Loretta
Ellen Burstyn,People vs. Jean Harris
Ellen Burstyn,Shattered Trust: The Shari Karney Story
Ellen Burstyn,Law & Order: Organized Crime
Ellen Burstyn,BBStory: An American Film Renaissance
Ellen Burstyn,Hello Actors Studio
Ellen Burstyn,Political Animals
Ellen Burstyn,Coma
Ellen Burstyn,Friedkin Uncut
Ellen Burstyn,"Memories, Dreams & Addictions"
Ellen Burstyn,Alice Doesn't Live Here Anymore: Second Chances
Ellen Burstyn,Tropic of Cancer
Ellen Burstyn,Two Men in Town
Ellen Burstyn,Bathing Flo
Ellen Burstyn,Mitch Albom's For One More Day
Ellen Burstyn,The Last Picture Show: A Look Back
Ellen Burstyn,A Dream of Passion
Ellen Burstyn,Flowers in the Attic
Ellen Burstyn,30 Days
Ellen Burstyn,Grand Isle
Ellen Burstyn,Pieces of a Woman
Ellen Burstyn,"Love, Marilyn"
Ellen Burstyn,Queen Bees
Ellen Burstyn,Wish You Well
Ellen Burstyn,Hallmark Hall of Fame
Ellen Burstyn,The Book of Daniel
Ellen Burstyn,Getting Gotti
Ellen Burstyn,Fuddy Meers
Ellen Burstyn,All I Wish
Ellen Burstyn,Red Dragon
Ellen Burstyn,Harry and Tonto
Ellen Burstyn,You Can Thank Me Later
Ellen Burstyn,When a Man Loves a Woman
Ellen Burstyn,Silence of the North
Ellen Burstyn,Wiener-Dog
Ellen Burstyn,The Making of Requiem for a Dream
Ellen Burstyn,Mom
Ellen Burstyn,Someday This Pain Will Be Useful to You
Ellen Burstyn,America Lost and Found: The BBS Story
Ellen Burstyn,The Fear of God: 25 Years of The Exorcist
Ellen Burstyn,Surviving
Ellen Burstyn,Earth and the American Dream
Ellen Burstyn,The Big Valley
Ellen Burstyn,The Oscars
Ellen Burstyn,The Ambassador
Ellen Burstyn,Stardust: The Bette Davis Story
Ellen Burstyn,Playing by Heart
Ellen Burstyn,Perry Mason
Ellen Burstyn,Deceiver
Ellen Burstyn,Main Street
Ellen Burstyn,Going My Way
Ellen Burstyn,The Wicker Man
Ellen Burstyn,The Cemetery Club
Ellen Burstyn,Roommates
Ellen Burstyn,Vacation Playhouse
Ellen Burstyn,The Christmas Tree
Ellen Burstyn,The King of Marvin Gardens
Ellen Burstyn,The Horror Hall of Fame: A Monster Salute
Ellen Burstyn,Unity
Ellen Burstyn,Timepiece
Ellen Burstyn,The Madam's Family: The Truth About the Canal Street Brothel
Ellen Burstyn,Pack of Lies
Ellen Burstyn,The Exorcist: Believer
Ellen Burstyn,Mrs. Lambert Remembers Love
Ellen Burstyn,How to Make an American Quilt
Ellen Burstyn,The Last Picture Show
Ellen Burstyn,Kraft Suspense Theatre
Ellen Burstyn,Marilyn Monroe: Auction of a Lifetime
Ellen Burstyn,The Loss of a Teardrop Diamond
Ellen Burstyn,That's Life
Ellen Burstyn,Interstellar
Ellen Burstyn,Inside the Actors Studio
Ellen Burstyn,Draft Day
Ellen Burstyn,And the Oscar Goes To...
Ellen Burstyn,Dr. Kildare
Ellen Burstyn,A Deadly Vision
Ellen Burstyn,The Exorcist
Ellen Burstyn,The View
Ellen Burstyn,Easy Out?
Ellen Burstyn,The Elephant King
Ellen Burstyn,Flash
Ellen Burstyn,The Rosie O'Donnell Show
Ellen Burstyn,For Those Who Think Young
Ellen Burstyn,Alice Doesn't Live Here Anymore
Ellen Burstyn,House of Cards
Ellen Burstyn,Another Happy Day
Ellen Burstyn,The Defenders
Ellen Burstyn,Petals on the Wind
Ellen Burstyn,American Woman
Ellen Burstyn,When You Remember Me
Ellen Burstyn,"Same Time, Next Year"
Ellen Burstyn,Into Thin Air
Ellen Burstyn,Requiem for a Dream
Ellen Burstyn,Goodbye Charlie
Ellen Burstyn,"Easy Riders, Raging Bulls: How the Sex, Drugs and Rock 'n' Roll Generation Saved Hollywood"
Ellen Burstyn,Nostalgia
Ellen Burstyn,The Tale
Ellen Burstyn,Reframed: Marilyn Monroe
Ellen Burstyn,Three Months
Ellen Burstyn,"Picture This: The Times of Peter Bogdanovich in Archer City, Texas"
Ellen Burstyn,A Will of their Own
Ellen Burstyn,"Duse, the Greatest"
Ellen Burstyn,Law & Order: Special Victims Unit
Ellen Burstyn,"Martin Scorsese, l'Italo-Américain"
Ellen Burstyn,Custody
Ellen Burstyn,Watch on the Rhine
Ellen Burstyn,Trick of the Eye
Ellen Burstyn,Follow The River
Ellen Burstyn,The Five People You Meet In Heaven
Ellen Burstyn,Within These Walls
Ellen Burstyn,The Color of Evening
Ellen Burstyn,Mrs. Harris
Ellen Burstyn,Getting Out
Ellen Burstyn,The House of Tomorrow
Ellen Burstyn,Leap of Faith: William Friedkin on The Exorcist
Ellen Burstyn,Delphine and Carole
Ellen Burstyn,Checkmate
Ellen Burstyn,Fear and Love: The Story of The Exorcist
Ellen Burstyn,American Experience
Ellen Burstyn,The Many Loves of Dobie Gillis
Ellen Burstyn,Something in Common
Ellen Burstyn,The First Lady
Ellen Burstyn,Brush with Fate
Ellen Burstyn,The Yards
Ellen Burstyn,Thursday's Game
Ellen Burstyn,The Fountain
Ellen Burstyn,The Greatest Show on Earth
Ellen Burstyn,Surfside 6
Ellen Burstyn,Dear America: Letters Home from Vietnam
Ellen Burstyn,"I'm Dickens, He's Fenster"
Timothée Chalamet,The Graham Norton Show
Timothée Chalamet,Little Women
Timothée Chalamet,Dune: Part Three
Timothée Chalamet,The Oscars
Timothée Chalamet,Clown
Timothée Chalamet,Bleu de Chanel
Timothée Chalamet,Honest Trailers
Timothée Chalamet,Don't Look Up
Timothée Chalamet,The King
Timothée Chalamet,Faut Voir - L'hebdo cinéma
Timothée Chalamet,Entergalactic
Timothée Chalamet,Homeland
Timothée Chalamet,The Enigmatic Charlotte Rampling
Timothée Chalamet,Dune: Part Two
Timothée Chalamet,We Are Who We Are
Timothée Chalamet,"Men, Women & Children"
Timothée Chalamet,Worst Friends
Timothée Chalamet,Saturday Night Live
Timothée Chalamet,Marty Supreme
Timothée Chalamet,One & Two
Timothée Chalamet,Jimmy Kimmel Live!
Timothée Chalamet,Hot Summer Nights
Timothée Chalamet,Butcher's Hill
Timothée Chalamet,Variety Studio: Actors on Actors
Timothée Chalamet,Wonka
Timothée Chalamet,Interstellar
Timothée Chalamet,A Rainy Day in New York
Timothée Chalamet,Art of Style: Jean Cocteau
Timothée Chalamet,The Tonight Show Starring Jimmy Fallon
Timothée Chalamet,Love the Coopers
Timothée Chalamet,Loving Leah
Timothée Chalamet,The Adderall Diaries
Timothée Chalamet,Bones and All
Timothée Chalamet,Hostiles
Timothée Chalamet,A Complete Unknown
Timothée Chalamet,Lady Bird
Timothée Chalamet,Late Night with Seth Meyers
Timothée Chalamet,Leute heute
Timothée Chalamet,Law & Order
Timothée Chalamet,The French Dispatch
Timothée Chalamet,Cleopatra
Timothée Chalamet,Close Up with The Hollywood Reporter
Timothée Chalamet,Beautiful Boy
Timothée Chalamet,You Quiz On The Block
Timothée Chalamet,The Late Show with Stephen Colbert
Timothée Chalamet,Dune
Timothée Chalamet,Great Performers: Horror Show
Timothée Chalamet,Call Me by Your Name
Timothée Chalamet,Miss Stevens
Timothée Chalamet,Royal Pains
Timothée Chalamet,A Man Named Scott
Timothée Chalamet,Spinners
Jessica Chastain,Madagascar 3: Europe's Most Wanted
Jessica Chastain,Interstellar: Nolan's Odyssey
Jessica Chastain,El hormiguero
Jessica Chastain,Dark Phoenix
Jessica Chastain,The Long Way Home: Making 'The Martian'
Jessica Chastain,Woman Walks Ahead
Jessica Chastain,Liv Ullmann: A Road Less Travelled
Jessica Chastain,I Am Jane Doe
Jessica Chastain,Saturday Night Live
Jessica Chastain,LIVE with Kelly and Mark
Jessica Chastain,Very Ralph
Jessica Chastain,The Eyes of Tammy Faye
Jessica Chastain,The Tonight Show Starring Jimmy Fallon
Jessica Chastain,Mothers' Instinct
Jessica Chastain,Between Two Ferns with Zach Galifianakis
Jessica Chastain,Veronica Mars
Jessica Chastain,Molly's Game
Jessica Chastain,Leute heute
Jessica Chastain,Off Camera with Sam Jones
Jessica Chastain,Scripted Content
Jessica Chastain,Chelsea
Jessica Chastain,The Summers of It – Chapter Two: It Ends
Jessica Chastain,Ava
Jessica Chastain,The Savant
Jessica Chastain,Touch of Evil
Jessica Chastain,The Graham Norton Show
Jessica Chastain,The Martian
Jessica Chastain,Hand Tailored Gothic
Jessica Chastain,Miss Julie
Jessica Chastain,Madonna: Rebel Heart Tour
Jessica Chastain,Goldene Kamera Verleihung
Jessica Chastain,I Remember Crimson Peak
Jessica Chastain,The Good Nurse
Jessica Chastain,Watch What Happens Live with Andy Cohen
Jessica Chastain,Lear Rex
Jessica Chastain,Crimson Peak
Jessica Chastain,Exploring 'The Tree of Life'
Jessica Chastain,Zero Dark Thirty
Jessica Chastain,Late Night with Seth Meyers
Jessica Chastain,Memory
Jessica Chastain,Close Up with The Hollywood Reporter
Jessica Chastain,The Huntsman: Winter's War
Jessica Chastain,I Am Not Alone
Jessica Chastain,Mama
Jessica Chastain,Dreams
Jessica Chastain,The Westerner
Jessica Chastain,Journeyman
Jessica Chastain,The Oscars
Jessica Chastain,Inside 'Interstellar'
Jessica Chastain,Salomé
Jessica Chastain,Untitled Holiday Comedy Project
Jessica Chastain,The Debt
Jessica Chastain,Dark Shadows
Jessica Chastain,The Disappearance of Eleanor Rigby: Them
Jessica Chastain,Conan
Jessica Chastain,The Help
Jessica Chastain,Half the Picture
Jessica Chastain,The Zookeeper's Wife
Jessica Chastain,Seducing Ingrid Bergman
Jessica Chastain,Losing Clementine
Jessica Chastain,Unity
Jessica Chastain,Spheres
Jessica Chastain,Jimmy Kimmel Live!
Jessica Chastain,Blackbeard
Jessica Chastain,Plus One
Jessica Chastain,Interstellar
Jessica Chastain,The Tree of Life
Jessica Chastain,The 355
Jessica Chastain,This Changes Everything
Jessica Chastain,It Chapter Two
Jessica Chastain,The View
Jessica Chastain,A Most Violent Year
Jessica Chastain,Letters to Jackie: Remembering President Kennedy
Jessica Chastain,Stolen
Jessica Chastain,The Late Show with Stephen Colbert
Jessica Chastain,Coriolanus
Jessica Chastain,The Disappearance of Eleanor Rigby: Her
Jessica Chastain,Texas Killing Fields
Jessica Chastain,The Forgiven
Jessica Chastain,Wilde Salomé
Jessica Chastain,Jolene
Jessica Chastain,The Kelly Clarkson Show
Jessica Chastain,Creating a Character: The Moni Yakim Legacy
Jessica Chastain,Armageddon Time
Jessica Chastain,Reframed: Marilyn Monroe
Jessica Chastain,The House Is Alive: Constructing 'Crimson Peak'
Jessica Chastain,The Light and Dark of Crimson Peak
Jessica Chastain,Seduced and Abandoned
Jessica Chastain,Better Angels: The Gospel According to Tammy Faye
Jessica Chastain,The Color of Time
Jessica Chastain,The Daily Show
Jessica Chastain,The Sands Between
Jessica Chastain,Variety Studio: Actors on Actors
Jessica Chastain,The Disappearance of Eleanor Rigby: Him
Jessica Chastain,Take Shelter
Jessica Chastain,Law & Order: Trial by Jury
Jessica Chastain,Lawless
Jessica Chastain,George & Tammy
Jessica Chastain,ARES: live
Jessica Chastain,ER
Jessica Chastain,Scenes from a Marriage
Jessica Chastain,Miss Sloane
Jeff Hephner,Criminal Minds
Jeff Hephner,Switch
Jeff Hephner,Boss
Jeff Hephner,Shoot First And Pray You Live
Jeff Hephner,Chicago Med
Jeff Hephner,Easy Money
Jeff Hephner,The Shuroo Process
Jeff Hephner,The O.C.
Jeff Hephner,Power Book II: Ghost
Jeff Hephner,NCIS
Jeff Hephner,Mars
Jeff Hephner,CSI: Miami
Jeff Hephner,Chicago Fire
Jeff Hephner,CSI: Crime Scene Investigation
Jeff Hephner,Oppenheimer
Jeff Hephner,Castle
Jeff Hephner,The Jury
Jeff Hephner,Free Ride
Jeff Hephner,Drop Dead Diva
Jeff Hephner,Capitol Law
Jeff Hephner,The Water Is Wide
Jeff Hephner,Interstellar
Jeff Hephner,Ghost Whisperer
Jeff Hephner,House
Jeff Hephner,For All Mankind
Jeff Hephner,The 19th Wife
Jeff Hephner,Tigerland
Jeff Hephner,Almost Family
Jeff Hephner,Maid in Manhattan
Jeff Hephner,Law & Order: Criminal Intent
Jeff Hephner,Agent X
Jeff Hephner,Peppermint
Jeff Hephner,Eric
Jeff Hephner,Love Takes Flight
Jeff Hephner,An Acceptable Loss
Jeff Hephner,Without a Trace
Jeff Hephner,Hellcats
actor,movie_or_TV_name
Jessica Chastain,Leute heute
Jessica Chastain,Untitled Holiday Comedy Project
Jessica Chastain,Blackbeard
Jessica Chastain,The Color of Time
Jessica Chastain,Miss Julie
Jessica Chastain,It Chapter Two
Jessica Chastain,The Forgiven
Jessica Chastain,Losing Clementine
Jessica Chastain,LIVE with Kelly and Mark
Jessica Chastain,Spheres
Jessica Chastain,Between Two Ferns with Zach Galifianakis
Jessica Chastain,Off Camera with Sam Jones
Jessica Chastain,Texas Killing Fields
Jessica Chastain,The Good Nurse
Jessica Chastain,The Disappearance of Eleanor Rigby: Her
Jessica Chastain,Mothers' Instinct
Jessica Chastain,Close Up with The Hollywood Reporter
Jessica Chastain,Woman Walks Ahead
Jessica Chastain,Veronica Mars
Jessica Chastain,The Tree of Life
Jessica Chastain,Seducing Ingrid Bergman
Jessica Chastain,Coriolanus
Jessica Chastain,The Long Way Home: Making 'The Martian'
Jessica Chastain,Inside 'Interstellar'
Jessica Chastain,El hormiguero
Jessica Chastain,Jimmy Kimmel Live!
Jessica Chastain,Dark Shadows
Jessica Chastain,Better Angels: The Gospel According to Tammy Faye
Jessica Chastain,This Changes Everything
Jessica Chastain,Chelsea
Jessica Chastain,The Help
Jessica Chastain,Madonna: Rebel Heart Tour
Jessica Chastain,Dreams
Jessica Chastain,The Kelly Clarkson Show
Jessica Chastain,Interstellar
Jessica Chastain,Salomé
Jessica Chastain,Stolen
Jessica Chastain,I Am Not Alone
Jessica Chastain,Journeyman
Jessica Chastain,I Am Jane Doe
Jessica Chastain,Crimson Peak
Jessica Chastain,Jolene
Jessica Chastain,ARES: live
Jessica Chastain,Armageddon Time
Jessica Chastain,Reframed: Marilyn Monroe
Jessica Chastain,Scenes from a Marriage
Jessica Chastain,The Martian
Jessica Chastain,ER
Jessica Chastain,The Summers of It – Chapter Two: It Ends
Jessica Chastain,Scripted Content
Jessica Chastain,The Westerner
Jessica Chastain,The Eyes of Tammy Faye
Jessica Chastain,Molly's Game
Jessica Chastain,Interstellar: Nolan's Odyssey
Jessica Chastain,Late Night with Seth Meyers
Jessica Chastain,Zero Dark Thirty
Jessica Chastain,Letters to Jackie: Remembering President Kennedy
Jessica Chastain,The House Is Alive: Constructing 'Crimson Peak'
Jessica Chastain,Goldene Kamera Verleihung
Jessica Chastain,Variety Studio: Actors on Actors
Jessica Chastain,The Late Show with Stephen Colbert
Jessica Chastain,Ava
Jessica Chastain,George & Tammy
Jessica Chastain,The Light and Dark of Crimson Peak
Jessica Chastain,The Sands Between
Jessica Chastain,Memory
Jessica Chastain,The Huntsman: Winter's War
Jessica Chastain,Dark Phoenix
Jessica Chastain,Conan
Jessica Chastain,Lear Rex
Jessica Chastain,Mama
Jessica Chastain,Exploring 'The Tree of Life'
Jessica Chastain,A Most Violent Year
Jessica Chastain,Take Shelter
Jessica Chastain,Wilde Salomé
Jessica Chastain,Liv Ullmann: A Road Less Travelled
Jessica Chastain,Touch of Evil
Jessica Chastain,Seduced and Abandoned
Jessica Chastain,I Remember Crimson Peak
Jessica Chastain,The Savant
Jessica Chastain,The Disappearance of Eleanor Rigby: Him
Jessica Chastain,Lawless
Jessica Chastain,Hand Tailored Gothic
Jessica Chastain,Unity
Jessica Chastain,The Graham Norton Show
Jessica Chastain,The Zookeeper's Wife
Jessica Chastain,Watch What Happens Live with Andy Cohen
Jessica Chastain,Madagascar 3: Europe's Most Wanted
Jessica Chastain,Half the Picture
Jessica Chastain,The Oscars
Jessica Chastain,The Disappearance of Eleanor Rigby: Them
Jessica Chastain,Miss Sloane
Jessica Chastain,The Debt
Jessica Chastain,Saturday Night Live
Jessica Chastain,Creating a Character: The Moni Yakim Legacy
Jessica Chastain,Plus One
Jessica Chastain,The Tonight Show Starring Jimmy Fallon
Jessica Chastain,The View
Jessica Chastain,The Daily Show
Jessica Chastain,The 355
Jessica Chastain,Very Ralph
Jessica Chastain,Law & Order: Trial by Jury
Casey Affleck,The Smack
Casey Affleck,Gone Baby Gone
Casey Affleck,The Last Kiss
Casey Affleck,Light of My Life
Casey Affleck,Late Night with Seth Meyers
Casey Affleck,Dreamin' Wild
Casey Affleck,Lonesome Jim
Casey Affleck,Unity
Casey Affleck,Variety Studio: Actors on Actors
Casey Affleck,Out of the Furnace
Casey Affleck,I'm Still Here
Casey Affleck,Real Time with Bill Maher
Casey Affleck,Interstellar
Casey Affleck,Gerry
Casey Affleck,To Die For
Casey Affleck,Stoner
Casey Affleck,Every Breath You Take
Casey Affleck,Joaquin Phoenix: An Actor of Extremes
Casey Affleck,The World to Come
Casey Affleck,The Assassination of Jesse James: Death of an Outlaw
Casey Affleck,The Kennedys of Massachusetts
Casey Affleck,Drowning Mona
Casey Affleck,Our Friend
Casey Affleck,American Pie 2
Casey Affleck,Desert Blue
Casey Affleck,Floating
Casey Affleck,200 Cigarettes
Casey Affleck,LIVE with Kelly and Mark
Casey Affleck,American Pie
Casey Affleck,The Instigators
Casey Affleck,The Assassination of Jesse James by the Coward Robert Ford
Casey Affleck,Committed
Casey Affleck,Lemon Sky
Casey Affleck,The Eisen Hour
Casey Affleck,ParaNorman
Casey Affleck,The Finest Hours
Casey Affleck,Soul Survivors
Casey Affleck,The Killer Inside Me
Casey Affleck,Chasing Amy
Casey Affleck,Ain't Them Bodies Saints
Casey Affleck,Saturday Night Live
Casey Affleck,WWII in HD: The Air War
Casey Affleck,I'm a LA... Get Me Out of Here!
Casey Affleck,Ocean's Eleven
Casey Affleck,Manchester by the Sea
Casey Affleck,Close Up with The Hollywood Reporter
Casey Affleck,Saltlake Van Sant
Casey Affleck,Hamlet
Casey Affleck,Ocean's Thirteen
Casey Affleck,Good Will Hunting
Casey Affleck,Triple 9
Casey Affleck,Oppenheimer
Casey Affleck,A Ghost Story
Casey Affleck,Attention Shoppers
Casey Affleck,Ocean's Twelve
Casey Affleck,Race the Sun
Casey Affleck,Tower Heist
Casey Affleck,Inside 'Interstellar'
Casey Affleck,The Old Man & the Gun
Casey Affleck,Slingshot
Jeff Hephner,Castle
Jeff Hephner,An Acceptable Loss
Jeff Hephner,Easy Money
Jeff Hephner,Tigerland
Jeff Hephner,Eric
Jeff Hephner,Capitol Law
Jeff Hephner,Interstellar
Jeff Hephner,Mars
Jeff Hephner,Free Ride
Jeff Hephner,CSI: Miami
Jeff Hephner,House
Jeff Hephner,Hellcats
Jeff Hephner,Drop Dead Diva
Jeff Hephner,NCIS
Jeff Hephner,Almost Family
Jeff Hephner,For All Mankind
Jeff Hephner,Agent X
Jeff Hephner,Chicago Med
Jeff Hephner,The Jury
Jeff Hephner,Chicago Fire
Jeff Hephner,Law & Order: Criminal Intent
Jeff Hephner,Boss
Jeff Hephner,The Water Is Wide
Jeff Hephner,Switch
Jeff Hephner,Shoot First And Pray You Live
Jeff Hephner,Ghost Whisperer
Jeff Hephner,Power Book II: Ghost
Jeff Hephner,The 19th Wife
Jeff Hephner,Peppermint
Jeff Hephner,Maid in Manhattan
Jeff Hephner,Oppenheimer
Jeff Hephner,Without a Trace
Jeff Hephner,The Shuroo Process
Jeff Hephner,Criminal Minds
Jeff Hephner,The O.C.
Jeff Hephner,CSI: Crime Scene Investigation
Jeff Hephner,Love Takes Flight
Joseph Oliveira,Jaws
Joseph Oliveira,The Pink Panther 2
Joseph Oliveira,NOS4A2
Joseph Oliveira,Southern Comfort
Joseph Oliveira,The Departed
Joseph Oliveira,Jungleland
Joseph Oliveira,Interstellar
Joseph Oliveira,Fraternitas
Joseph Oliveira,Proud Mary
Joseph Oliveira,The Gates of Hell
Joseph Oliveira,The Dark Knight
Joseph Oliveira,The Wolf of Wall Street
Joseph Oliveira,Meet The Santas
Joseph Oliveira,November Criminals
Joseph Oliveira,Changing Lanes
Joseph Oliveira,Alone We Fight
Joseph Oliveira,Central Intelligence
Joseph Oliveira,A Date with Miss Fortune
Joseph Oliveira,"Love, Weddings & Other Disasters"
Joseph Oliveira,The Imitation Game
Joseph Oliveira,Whiplash
Joseph Oliveira,Law & Order: Special Victims Unit
Joseph Oliveira,Only
Joseph Oliveira,Killing Season
Joseph Oliveira,Tehran
Joseph Oliveira,Frank and Cindy
Joseph Oliveira,American Woman
Joseph Oliveira,City on a Hill
Joseph Oliveira,American Psycho
Joseph Oliveira,The Catcher Was a Spy
Anne Hathaway,The Happy Days of Garry Marshall
Anne Hathaway,Family Guy Presents: It's a Trap!
Anne Hathaway,E! True Hollywood Story
Anne Hathaway,Teen Choice Awards
Anne Hathaway,Bride Wars
Anne Hathaway,WeCrashed
Anne Hathaway,Seesaw Monster
Anne Hathaway,WWE Survivor Series 2012
Anne Hathaway,The Last Thing He Wanted
Anne Hathaway,Becoming Jane
Anne Hathaway,LIVE with Kelly and Mark
Anne Hathaway,Between Two Ferns with Zach Galifianakis
Anne Hathaway,The Devil Wears Prada
Anne Hathaway,Ocean's Eight
Anne Hathaway,Kids' Choice Awards
Anne Hathaway,The Princess Diaries 2: Royal Engagement
Anne Hathaway,Song One
Anne Hathaway,Alice in Wonderland: The Mad Hatter
Anne Hathaway,Mothers' Instinct
Anne Hathaway,Get Smart
Anne Hathaway,The Princess Diaries 3
Anne Hathaway,The Intern
Anne Hathaway,Girl Rising
Anne Hathaway,Rachel Getting Married
Anne Hathaway,Flowervale Street
Anne Hathaway,The Dark Knight Rises
Anne Hathaway,Catwoman: The Feline Femme Fatale
Anne Hathaway,French Children Don't Throw Food
Anne Hathaway,Inside 'Interstellar'
Anne Hathaway,Serenity
Anne Hathaway,Jimmy Kimmel Live!
Anne Hathaway,Les Misérables
Anne Hathaway,Locked Down
Anne Hathaway,Mother Mary
Anne Hathaway,She Came to Me
Anne Hathaway,Yesteryear
Anne Hathaway,The Other Side of Heaven
Anne Hathaway,The Tonight Show with Jay Leno
Anne Hathaway,The Kelly Clarkson Show
Anne Hathaway,Interstellar
Anne Hathaway,StoryBots: Answer Time
Anne Hathaway,Don Jon
Anne Hathaway,Brokeback Mountain
Anne Hathaway,Documentary Now!
Anne Hathaway,The Early Show
Anne Hathaway,Armageddon Time
Anne Hathaway,10 Mountains 10 Years
Anne Hathaway,Sesame Street: Elmo's Playdate
Anne Hathaway,The Idea of You
Anne Hathaway,Valentino: The Last Emperor
Anne Hathaway,On Air with Ryan Seacrest
Anne Hathaway,RuPaul's Drag Race
Anne Hathaway,Nicholas Nickleby
Anne Hathaway,Ocean's Team 3.0
Anne Hathaway,Bulgari: Unexpected Wonders
Anne Hathaway,History 101
Anne Hathaway,Roald Dahl's The Witches
Anne Hathaway,Dark Waters
Anne Hathaway,The Princess Diaries
Anne Hathaway,Family Guy
Anne Hathaway,Eileen
Anne Hathaway,Late Night with Seth Meyers
Anne Hathaway,Interstellar: Nolan's Odyssey
Anne Hathaway,HitRECord on TV with Joseph Gordon-Levitt
Anne Hathaway,Letters to Jackie: Remembering President Kennedy
Anne Hathaway,Live from Studio Five
Anne Hathaway,Variety Studio: Actors on Actors
Anne Hathaway,The Late Show with Stephen Colbert
Anne Hathaway,Colossal
Anne Hathaway,Alice Through the Looking Glass
Anne Hathaway,Entertainment Tonight
Anne Hathaway,Late Night with Jimmy Fallon
Anne Hathaway,Get Real
Anne Hathaway,A Place in Time
Anne Hathaway,Barbra: The Music ... The Mem'ries ... The Magic!
Anne Hathaway,Hoodwinked!
Anne Hathaway,MTV Movie & TV Awards
Anne Hathaway,Modern Love
Anne Hathaway,Conan
Anne Hathaway,Patricia Field: Fashion Visionary
Anne Hathaway,Alice in Wonderland
Anne Hathaway,Rio 2
Anne Hathaway,Ending the Knight
Anne Hathaway,Sesame Street: Elmo's Christmas Countdown
Anne Hathaway,Havoc
Anne Hathaway,Lip Sync Battle
Anne Hathaway,Love & Other Drugs
Anne Hathaway,The Simpsons
Anne Hathaway,Late Night with Conan O'Brien
Anne Hathaway,PoliWood
Anne Hathaway,The Graham Norton Show
Anne Hathaway,The Ellen DeGeneres Show
Brooke Smith,Crossing Jordan
Brooke Smith,The Broken Giant
Brooke Smith,Class of '09
Brooke Smith,Mr. Wonderful
Brooke Smith,The Larry Sanders Show
Brooke Smith,FBI: Most Wanted
Brooke Smith,Homicide: Life on the Street
Brooke Smith,The Bachelor
Brooke Smith,World Cinema
Brooke Smith,The Hunger
Brooke Smith,American Horror Story
Brooke Smith,Who Is Henry Jaglom?
Brooke Smith,Fair Game
Brooke Smith,Grotesquerie
Brooke Smith,The Namesake
Brooke Smith,In Her Shoes
Brooke Smith,Shooting Vegetarians
Brooke Smith,Interstellar
Brooke Smith,The Act
Brooke Smith,Ray Donovan
Brooke Smith,Bates Motel
Brooke Smith,Remembering Sex
Brooke Smith,Labor Day
Brooke Smith,The Call of Charlie
Brooke Smith,Vanya on 42nd Street
Brooke Smith,Bombshell
Brooke Smith,Kansas City
Brooke Smith,Day Out of Days
Brooke Smith,A Little Help
Brooke Smith,Random Hearts
Brooke Smith,Iron Jawed Angels
Brooke Smith,Blood Clots
Brooke Smith,To the Bone
Brooke Smith,Tempest
Brooke Smith,Big Sky
Brooke Smith,The Aspern Papers
Brooke Smith,Series 7
Brooke Smith,Weeds
Brooke Smith,Chris Watts: Confessions of a Killer
Brooke Smith,The Good Fight
Brooke Smith,To Each His Own Cinema
Brooke Smith,The Man Who Wasn't There
Brooke Smith,Unbelievable
Brooke Smith,The Crossing
Brooke Smith,Chicago Med
Brooke Smith,Bosch
Brooke Smith,See You in the Morning
Brooke Smith,The Equalizer
Brooke Smith,Law & Order
Brooke Smith,The Good Doctor
Brooke Smith,Law & Order: Special Victims Unit
Brooke Smith,The Silence of the Lambs
Brooke Smith,Dude
Brooke Smith,Melinda and Melinda
Brooke Smith,Neighborhood Alert
Brooke Smith,Supergirl
Brooke Smith,Trees Lounge
Brooke Smith,Grey's Anatomy
Brooke Smith,Heist
Brooke Smith,Inside the Labyrinth: The Making of 'The Silence of the Lambs'
Brooke Smith,The Night We Never Met
Brooke Smith,Them
Brooke Smith,The Pickle
Brooke Smith,Bad Company
Brooke Smith,Last Summer in the Hamptons
Brooke Smith,Eventual Wife
Brooke Smith,The Moderns
Brooke Smith,Six Feet Under
Brooke Smith,Law & Order: Criminal Intent
Flora Nolan,Interstellar
Flora Nolan,Love Bomb Baby
Flora Nolan,Oppenheimer
Flora Nolan,Robster
Anne Hathaway,Alice in Wonderland: Finding Alice
Anne Hathaway,One Day
Anne Hathaway,Solos
Anne Hathaway,The Hustle
Anne Hathaway,On the Set: The Princess Diaries 2 – Royal Engagement
Anne Hathaway,Watch What Happens Live with Andy Cohen
Anne Hathaway,The Reichen Show
Anne Hathaway,Valentine's Day
Anne Hathaway,Don Peyote
Anne Hathaway,The Fire Rises: The Creation and Impact of The Dark Knight Trilogy
Anne Hathaway,Les Misérables: The History of the World's Greatest Story
Anne Hathaway,Passengers
Anne Hathaway,A New Princess
Anne Hathaway,Rio
Anne Hathaway,Saturday Night Live
Anne Hathaway,Covidwood
Anne Hathaway,The Tonight Show Starring Jimmy Fallon
Anne Hathaway,The View
Anne Hathaway,The Daily Show
Anne Hathaway,Wide-Awake
Anne Hathaway,The Magical World of Ella Enchanted
Anne Hathaway,Dark Waters: The Cost of Being a Hero
Anne Hathaway,Ella Enchanted
William Patrick Brown,Interstellar
William Patrick Brown,Chuck
William Patrick Brown,Mighty Med
William Patrick Brown,Friends with Benefits
Leah Cairns,Godiva's
Leah Cairns,Dead Over Heels: An Aurora Teagarden Mystery
Leah Cairns,The Tomorrow People
Leah Cairns,Darrow & Darrow: In The Key Of Murder
Leah Cairns,Deep Evil
Leah Cairns,Blood Angels
Leah Cairns,Interstellar
Leah Cairns,Bates Motel
Leah Cairns,Robson Arms
Leah Cairns,Helen
Leah Cairns,Supernatural
Leah Cairns,Battlestar Galactica
Leah Cairns,Travelers
Leah Cairns,Sanctuary
Leah Cairns,Along Came a Nanny
Leah Cairns,Mega Cyclone
Leah Cairns,Battlestar Galactica: The Plan
Leah Cairns,Tru Calling
Leah Cairns,Site Unseen: An Emma Fielding Mystery
Leah Cairns,Kyle XY
Leah Cairns,The Reality of Love
Leah Cairns,88 Minutes
Leah Cairns,Saving Milly
Leah Cairns,Past Malice: An Emma Fielding Mystery
Leah Cairns,Motive
David Oyelowo,A Raisin in the Sun
David Oyelowo,Born Equal
David Oyelowo,Tony Awards
David Oyelowo,The Lion Guard: The Rise of Scar
David Oyelowo,Becoming King
David Oyelowo,LIVE with Kelly and Mark
David Oyelowo,Off Camera with Sam Jones
David Oyelowo,Shoot the Messenger
David Oyelowo,The Joel McHale Show with Joel McHale
David Oyelowo,Earth's Great Rivers II
David Oyelowo,Close Up with The Hollywood Reporter
David Oyelowo,The Water Man
David Oyelowo,August 28: A Day in the Life of a People
David Oyelowo,Captive
David Oyelowo,Jimmy Kimmel Live!
David Oyelowo,The Tiger Who Came to Tea
David Oyelowo,Chaos Walking
David Oyelowo,Les Misérables
David Oyelowo,Jack Reacher: When the Man Comes Around
David Oyelowo,Lawmen: Bass Reeves
David Oyelowo,Star Wars Rebels: Spark of Rebellion
David Oyelowo,The Help
David Oyelowo,Maisie Raine
David Oyelowo,Interstellar
David Oyelowo,The Bastard King
David Oyelowo,The Book of Clarence
David Oyelowo,Star Wars Rebels
David Oyelowo,The Paperboy
David Oyelowo,Queen of Katwe
David Oyelowo,The Passion
David Oyelowo,The No. 1 Ladies' Detective Agency
David Oyelowo,Default
David Oyelowo,Mayo
David Oyelowo,Star Wars Rebels: The Siege of Lothal
David Oyelowo,The Frame
David Oyelowo,Lincoln
David Oyelowo,See How They Run
David Oyelowo,"Glenn Martin, DDS"
David Oyelowo,Rage
David Oyelowo,Government Cheese
David Oyelowo,Derailed
David Oyelowo,Peter Rabbit 2: The Runaway
David Oyelowo,The Butler
David Oyelowo,A Wrinkle in Time
David Oyelowo,Late Night with Seth Meyers
David Oyelowo,As You Like It
David Oyelowo,Nina
David Oyelowo,Variety Studio: Actors on Actors
David Oyelowo,Come Away
David Oyelowo,Gringo
David Oyelowo,The Best Man
David Oyelowo,Rahab
David Oyelowo,Five Days
David Oyelowo,Selma
David Oyelowo,Middle of Nowhere
David Oyelowo,Five Nights in Maine
David Oyelowo,Dog Eat Dog
David Oyelowo,Solitary
David Oyelowo,Conan
David Oyelowo,Tomorrow La Scala!
David Oyelowo,Spooks
David Oyelowo,Sweet Thunder
David Oyelowo,Off Script with The Hollywood Reporter
David Oyelowo,The Arsenio Hall Show
David Oyelowo,96 Minutes
David Oyelowo,Complicit
David Oyelowo,The Midnight Sky
David Oyelowo,The Cloverfield Paradox
David Oyelowo,A Most Violent Year
David Oyelowo,The Last King of Scotland
David Oyelowo,Don't Let Go
David Oyelowo,9 Kisses
David Oyelowo,Home Movie: The Princess Bride
David Oyelowo,The Good Wife
David Oyelowo,Watch What Happens Live with Andy Cohen
David Oyelowo,Small Island
David Oyelowo,Tamron Hall
David Oyelowo,Earth's Great Rivers
David Oyelowo,The Oscars
David Oyelowo,Jack Reacher
David Oyelowo,A United Kingdom
David Oyelowo,Blood And Oil
David Oyelowo,Role Play
David Oyelowo,Black Hollywood: 'They've Gotta Have Us'
David Oyelowo,Nightingale
David Oyelowo,Sherri
David Oyelowo,The After
David Oyelowo,Who Do You Love
David Oyelowo,National Theatre Live: Coriolanus
David Oyelowo,The Tonight Show Starring Jimmy Fallon
David Oyelowo,The Girl Before
David Oyelowo,The View
David Oyelowo,Silo
David Oyelowo,The Lion Guard
David Oyelowo,A Sound of Thunder
David Oyelowo,Sweet Nothing in My Ear
David Oyelowo,Red Tails
David Oyelowo,As Time Goes By
David Oyelowo,Rise of the Planet of the Apes
Liam Dickinson,Interstellar
Liam Dickinson,Home Invasion
Liam Dickinson,Riverdale
Liam Dickinson,R. L. Stine's The Haunting Hour
Liam Dickinson,Wait Till Helen Comes
Francis X. McCarthy,Diplomatic Siege
Francis X. McCarthy,That Was Then... This Is Now
Francis X. McCarthy,Zoot Suit
Francis X. McCarthy,Nowhere Man
Francis X. McCarthy,Happy Endings
Francis X. McCarthy,Going for Broke
Francis X. McCarthy,10.5: Apocalypse
Francis X. McCarthy,Altered States
Francis X. McCarthy,See Jane Date
Francis X. McCarthy,The Relic
Francis X. McCarthy,Nightwish: Making of Imaginaerum
Francis X. McCarthy,Perception
Francis X. McCarthy,The Practice
Francis X. McCarthy,The Reagans
Francis X. McCarthy,21 Jump Street
Francis X. McCarthy,Hellinger's Law
Francis X. McCarthy,Summer School
Francis X. McCarthy,MacGruder and Loud
Francis X. McCarthy,A Case of Deadly Force
Francis X. McCarthy,BASEketball
Francis X. McCarthy,A Last Cry for Help
Francis X. McCarthy,Interstellar
Francis X. McCarthy,Bates Motel
Francis X. McCarthy,The Seven Year Hitch
Francis X. McCarthy,Renegade
Francis X. McCarthy,Dead Center
Francis X. McCarthy,9-1-1
Francis X. McCarthy,All God's Children
Francis X. McCarthy,Night Visions
Francis X. McCarthy,Downtown
Francis X. McCarthy,Beyond Borders
Francis X. McCarthy,Alien Nation
Francis X. McCarthy,The Stranger
Francis X. McCarthy,Pennies from Heaven
Francis X. McCarthy,3rd Rock from the Sun
Francis X. McCarthy,Stop at Nothing
Francis X. McCarthy,Tuff Turf
Francis X. McCarthy,The Return of Hunter: Everyone Walks in L.A.
Francis X. McCarthy,Alcatraz: The Whole Shocking Story
Francis X. McCarthy,Ernie Kovacs: Between the Laughter
Francis X. McCarthy,ALF
Francis X. McCarthy,Carpool
Francis X. McCarthy,Dead Men Don't Wear Plaid
Francis X. McCarthy,Cutter's Way
Francis X. McCarthy,The Great War
Francis X. McCarthy,Second Chance
Francis X. McCarthy,Story of Jen
Francis X. McCarthy,Moonlighting
Francis X. McCarthy,Hardcastle and McCormick
Francis X. McCarthy,Cheers
Francis X. McCarthy,The French Atlantic Affair
Francis X. McCarthy,Supernatural
Francis X. McCarthy,Death Spa
Francis X. McCarthy,Shadow of Obsession
Francis X. McCarthy,Out of Control
Francis X. McCarthy,No Good Deed
Francis X. McCarthy,Melrose Place
Francis X. McCarthy,Hidden Agenda
Francis X. McCarthy,Imaginaerum
Francis X. McCarthy,The John Larroquette Show
Francis X. McCarthy,M.A.N.T.I.S.
Francis X. McCarthy,Summer Rental
Francis X. McCarthy,The Sting II
Francis X. McCarthy,Rudy: The Rudy Giuliani Story
Francis X. McCarthy,Smallville
Francis X. McCarthy,Babylon 5
Francis X. McCarthy,Black Widower
Francis X. McCarthy,Frasier
Francis X. McCarthy,The A-Team
Francis X. McCarthy,Nightwaves
Francis X. McCarthy,NCIS
Francis X. McCarthy,False Pretenses
Francis X. McCarthy,CAT. 8
Francis X. McCarthy,Red Rover
Francis X. McCarthy,Abuse of Power
Francis X. McCarthy,Working
Francis X. McCarthy,The Love Boat
Francis X. McCarthy,Farrell: For the People
Francis X. McCarthy,seaQuest DSV
Francis X. McCarthy,On the Basis of Sex
Francis X. McCarthy,Pacific Blue
Francis X. McCarthy,Action Jackson
Francis X. McCarthy,Illegal in Blue
Francis X. McCarthy,Motive
Francis X. McCarthy,The Man with Two Brains
Ellen Burstyn,Within These Walls
Ellen Burstyn,How to Make an American Quilt
Ellen Burstyn,The Fountain
Ellen Burstyn,America Lost and Found: The BBS Story
Ellen Burstyn,The Making of Requiem for a Dream
Ellen Burstyn,Mitch Albom's For One More Day
Ellen Burstyn,The Exorcist
Ellen Burstyn,Goodbye Charlie
Ellen Burstyn,Mrs. Lambert Remembers Love
Ellen Burstyn,Red Dragon
Ellen Burstyn,Mermaid
Ellen Burstyn,W.
Ellen Burstyn,Night Ride Home
Ellen Burstyn,Providence
Ellen Burstyn,Tony Awards
Ellen Burstyn,Getting Gotti
Ellen Burstyn,The Many Loves of Dobie Gillis
Ellen Burstyn,When a Man Loves a Woman
Ellen Burstyn,The Exorcist: Believer
Ellen Burstyn,"Lovely, Still"
Ellen Burstyn,Main Street
Ellen Burstyn,The Last Picture Show
Ellen Burstyn,Political Animals
Ellen Burstyn,Dear America: Letters Home from Vietnam
Ellen Burstyn,Going My Way
Ellen Burstyn,When You Remember Me
Ellen Burstyn,Earth and the American Dream
Ellen Burstyn,About Scout
Ellen Burstyn,The Rosie O'Donnell Show
Ellen Burstyn,77 Sunset Strip
Ellen Burstyn,And the Oscar Goes To...
Ellen Burstyn,"Same Time, Next Year"
Ellen Burstyn,Vacation Playhouse
Ellen Burstyn,Divine Secrets of the Ya-Ya Sisterhood
Ellen Burstyn,Act of Vengeance
Ellen Burstyn,Into Thin Air
Ellen Burstyn,The Tale
Ellen Burstyn,Surviving
Ellen Burstyn,Walking Across Egypt
Ellen Burstyn,Surfside 6
Ellen Burstyn,Hanna's War
Ellen Burstyn,"Easy Riders, Raging Bulls: How the Sex, Drugs and Rock 'n' Roll Generation Saved Hollywood"
Ellen Burstyn,Getting Out
Ellen Burstyn,The Detectives
Ellen Burstyn,Pit Stop
Ellen Burstyn,"Duse, the Greatest"
Ellen Burstyn,The Stone Angel
Ellen Burstyn,The Color of Evening
Ellen Burstyn,Cheyenne
Ellen Burstyn,You Can Thank Me Later
Ellen Burstyn,Alex in Wonderland
Ellen Burstyn,Reflections of a Philosopher King
Ellen Burstyn,Resurrection
Ellen Burstyn,"I'm Dickens, He's Fenster"
Ellen Burstyn,The Elephant King
Ellen Burstyn,The First Lady
Ellen Burstyn,Brush with Fate
Ellen Burstyn,The Patron Saint of Liars
Ellen Burstyn,Leap of Faith: William Friedkin on The Exorcist
Ellen Burstyn,Alice Doesn't Live Here Anymore: Second Chances
Ellen Burstyn,Thursday's Game
Ellen Burstyn,The Ellen Burstyn Show
Ellen Burstyn,Flash
Ellen Burstyn,The Loss of a Teardrop Diamond
Ellen Burstyn,Three Months
Ellen Burstyn,The Baby-Sitters Club
Ellen Burstyn,Interstellar
Ellen Burstyn,Fear and Love: The Story of The Exorcist
Ellen Burstyn,"Love, Marilyn"
Ellen Burstyn,A Decade Under the Influence
Ellen Burstyn,Delphine and Carole
Ellen Burstyn,Something in Common
Ellen Burstyn,Les Rendez-vous du dimanche
Ellen Burstyn,Kraft Suspense Theatre
Ellen Burstyn,My Brother's Keeper
Ellen Burstyn,The Yards
Ellen Burstyn,Dying Young
Ellen Burstyn,Deceiver
Ellen Burstyn,Follow The River
Ellen Burstyn,The Mighty Macs
Ellen Burstyn,Reframed: Marilyn Monroe
Ellen Burstyn,According to Greta
Ellen Burstyn,Easy Out?
Ellen Burstyn,Nostalgia
Ellen Burstyn,Marilyn in Manhattan
Ellen Burstyn,The Cemetery Club
Ellen Burstyn,Tropic of Cancer
Ellen Burstyn,Hallmark Hall of Fame
Ellen Burstyn,The Age of Adaline
Ellen Burstyn,The Five People You Meet In Heaven
Ellen Burstyn,Roommates
Ellen Burstyn,Fuddy Meers
Ellen Burstyn,Our Fathers
Ellen Burstyn,The Greatest Show on Earth
Ellen Burstyn,Ben Casey
Ellen Burstyn,The Book of Daniel
Ellen Burstyn,I Love Liberty
Ellen Burstyn,Gunsmoke
Ellen Burstyn,The Wicker Man
Ellen Burstyn,Taking Back My Life: The Nancy Ziegenmeyer Story
Ellen Burstyn,Lucy in the Sky
Ellen Burstyn,Queen Bees
Ellen Burstyn,House of Cards
Ellen Burstyn,Trick of the Eye
Ellen Burstyn,The Christmas Tree
Ellen Burstyn,"Mother, Couch!"
Ellen Burstyn,The Fear of God: 25 Years of The Exorcist
Ellen Burstyn,"Picture This: The Times of Peter Bogdanovich in Archer City, Texas"
Ellen Burstyn,The King of Marvin Gardens
Ellen Burstyn,Hubert Selby Jr: It/ll Be Better Tomorrow
Ellen Burstyn,Friedkin Uncut
Ellen Burstyn,Twice in a Lifetime
Ellen Burstyn,Another Happy Day
Ellen Burstyn,Petals on the Wind
Ellen Burstyn,Big Love
Ellen Burstyn,Night of 100 Stars
Ellen Burstyn,Draft Day
Ellen Burstyn,The Velveteen Rabbit
Ellen Burstyn,Shattered Trust: The Shari Karney Story
Ellen Burstyn,The House of Tomorrow
Ellen Burstyn,Law & Order: Special Victims Unit
Ellen Burstyn,Mom
Ellen Burstyn,Checkmate
Ellen Burstyn,The Ambassador
Ellen Burstyn,Watch on the Rhine
Ellen Burstyn,American Woman
Ellen Burstyn,Coma
Ellen Burstyn,Hello Actors Studio
Ellen Burstyn,Bus Stop
Ellen Burstyn,"Martin Scorsese, l'Italo-Américain"
Ellen Burstyn,Law & Order: Organized Crime
Ellen Burstyn,That's Life
Ellen Burstyn,Inside the Actors Studio
Ellen Burstyn,Timepiece
Ellen Burstyn,Steven Arnold: Heavenly Bodies
Ellen Burstyn,Wiener-Dog
Ellen Burstyn,All I Wish
Ellen Burstyn,A Dream of Passion
Ellen Burstyn,Alice Doesn't Live Here Anymore
Ellen Burstyn,The Big Valley
Ellen Burstyn,American Experience
Ellen Burstyn,For Those Who Think Young
Ellen Burstyn,PoliWood
Ellen Burstyn,A Will of their Own
Ellen Burstyn,30 Days
Ellen Burstyn,Playing by Heart
Ellen Burstyn,Unity
Ellen Burstyn,Wish You Well
Ellen Burstyn,BBStory: An American Film Renaissance
Ellen Burstyn,Mrs. Harris
Ellen Burstyn,Dr. Kildare
Ellen Burstyn,Grand Isle
Ellen Burstyn,The Last Picture Show: A Look Back
Ellen Burstyn,The Horror Hall of Fame: A Monster Salute
Ellen Burstyn,Requiem for a Dream
Ellen Burstyn,Night of 100 Stars II
Ellen Burstyn,Someday This Pain Will Be Useful to You
Ellen Burstyn,Flowers in the Attic
Ellen Burstyn,The Calling
Ellen Burstyn,Pack of Lies
Ellen Burstyn,The Oscars
Ellen Burstyn,Silence of the North
Ellen Burstyn,Ricochet
Ellen Burstyn,Letter to Loretta
Ellen Burstyn,Custody
Ellen Burstyn,The Spitfire Grill
Ellen Burstyn,Perry Mason
Ellen Burstyn,Harry and Tonto
Ellen Burstyn,Broadway's Dreamers: The Legacy of the Group Theatre
Ellen Burstyn,Saturday Night Live
Ellen Burstyn,The Defenders
Ellen Burstyn,Pieces of a Woman
Ellen Burstyn,A Deadly Vision
Ellen Burstyn,People vs. Jean Harris
Ellen Burstyn,Marilyn Monroe: Auction of a Lifetime
Ellen Burstyn,"Memories, Dreams & Addictions"
Ellen Burstyn,The View
Ellen Burstyn,Bathing Flo
Ellen Burstyn,Stardust: The Bette Davis Story
Ellen Burstyn,The Madam's Family: The Truth About the Canal Street Brothel
Ellen Burstyn,Be Pretty and Shut Up!
Ellen Burstyn,River of Fundament
Ellen Burstyn,The Time Tunnel
Ellen Burstyn,Two Men in Town
Wes Bentley,The Last Word
Wes Bentley,The Time Being
Wes Bentley,Three Below Zero
Wes Bentley,The Ungodly
Wes Bentley,Mission: Impossible - Fallout
Wes Bentley,Gone
Wes Bentley,The Better Angels
Wes Bentley,After the Fall
Wes Bentley,Pioneer
Wes Bentley,American Horror Story
Wes Bentley,Final Girl
Wes Bentley,The Kelly Clarkson Show
Wes Bentley,The White River Kid
Wes Bentley,Interstellar
Wes Bentley,The Game of Their Lives
Wes Bentley,Underworld: Awakening
Wes Bentley,Cesar Chavez
Wes Bentley,3 Nights in the Desert
Wes Bentley,Open
Wes Bentley,Hidden Moon
Wes Bentley,P2
Wes Bentley,Broken Vows
Wes Bentley,The Four Feathers
Wes Bentley,American Beauty: Look Closer...
Wes Bentley,Hirokin: The Last Samurai
Wes Bentley,Jonah Hex
Wes Bentley,The World Is Watching: Making the Hunger Games
Wes Bentley,Lovelace
Wes Bentley,The Tomb
Wes Bentley,Soul Survivors
Wes Bentley,Pete's Dragon
Wes Bentley,Weirdsville
Wes Bentley,Carving Out Our Name
Wes Bentley,The Hunger Games
Wes Bentley,The Best of Enemies
Wes Bentley,The Greims
Wes Bentley,There Be Dragons
Wes Bentley,The Claim
Wes Bentley,American Beauty
Wes Bentley,Welcome to Me
Wes Bentley,After-School Special
Wes Bentley,Rites of Passage
Wes Bentley,Dolan's Cadillac
Wes Bentley,Yellowstone
Wes Bentley,Beloved
Wes Bentley,My Big Break
Wes Bentley,Stars In Shorts
Wes Bentley,Blade Runner: Black Lotus
Wes Bentley,Amnesiac
Wes Bentley,We Are Your Friends
Wes Bentley,Ghost Rider
Wes Bentley,Knight of Cups
Kristian Van der Heyden,Interstellar
Kristian Van der Heyden,Spoed
Kristian Van der Heyden,Zone Stad
Josh Stewart,Marvel's The Punisher
Josh Stewart,"Lenexa, 1 Mile"
Josh Stewart,Jekyll
Josh Stewart,Miami Medical
Josh Stewart,No Ordinary Family
Josh Stewart,Law Abiding Citizen
Josh Stewart,The Walking Dead Webisodes: Cold Storage
Josh Stewart,Raising the Bar
Josh Stewart,Interstellar
Josh Stewart,The Walking Dead - Webisodes
Josh Stewart,The Mentalist
Josh Stewart,CSI: Miami
Josh Stewart,Cold Moon
Josh Stewart,Dirt
Josh Stewart,Southland
Josh Stewart,Back Fork
Josh Stewart,Transcendence
Josh Stewart,The Hunted
Josh Stewart,Insidious: The Last Key
Josh Stewart,The Walking Dead
Josh Stewart,The Finest Hours
Josh Stewart,Event 15
Josh Stewart,Malicious
Josh Stewart,Shooter
Josh Stewart,The Death and Life of Bobby Z
Josh Stewart,The Curious Case of Benjamin Button
Josh Stewart,Discarnate
Josh Stewart,The Rookie
Josh Stewart,Grimm
Josh Stewart,Ghost Whisperer
Josh Stewart,The Mustang
Josh Stewart,War Machine
Josh Stewart,Lifeline
Josh Stewart,Manhunt
Josh Stewart,Tenet
Josh Stewart,The Collected
Josh Stewart,The Neighbor
Josh Stewart,No Names
Josh Stewart,The Collection
Josh Stewart,Beneath the Dark
Josh Stewart,The Dark Knight Rises
Josh Stewart,Third Watch
Josh Stewart,Criminal Minds
Josh Stewart,The Collector
Josh Stewart,The Haunting of Molly Hartley
Josh Stewart,CSI: Crime Scene Investigation
David Gyasi,Cold Blood
David Gyasi,Hunter Killer
David Gyasi,Annihilation
David Gyasi,The Whale
David Gyasi,Law & Order: UK
David Gyasi,Mike Bassett: Manager
David Gyasi,Cloud Atlas
David Gyasi,Interstellar
David Gyasi,Doctor Who
David Gyasi,Panic
David Gyasi,Hell on the Border
David Gyasi,Troy: Fall of a City
David Gyasi,White Heat
David Gyasi,The Sandman
David Gyasi,Shooting Dogs
David Gyasi,Apparitions
David Gyasi,Shoot the Messenger
David Gyasi,The Bastard Son & the Devil Himself
David Gyasi,Waking the Dead
David Gyasi,Carnival Row
David Gyasi,Casualty
David Gyasi,Man in an Orange Shirt
David Gyasi,Maleficent: Mistress of Evil
David Gyasi,Containment
David Gyasi,The Diplomat
David Gyasi,ear for eye
David Gyasi,Torchwood
David Gyasi,Belonging
David Gyasi,The Dark Knight Rises
David Gyasi,Inside 'Interstellar'
David Gyasi,Red Tails
David Gyasi,Pulsar
David Gyasi,What a Girl Wants
Mackenzie Foy,Black Beauty
Mackenzie Foy,FlashForward
Mackenzie Foy,The Twilight Saga: Breaking Dawn - Part 2
Mackenzie Foy,Wish You Well
Mackenzie Foy,The Boxcar Children
Mackenzie Foy,The Kelly Clarkson Show
Mackenzie Foy,Interstellar
Mackenzie Foy,The Conjuring
Mackenzie Foy,The Twilight Saga: Breaking Dawn - Part 1
Mackenzie Foy,The Conjuring - 4D Experience
Mackenzie Foy,The Nutcracker and the Four Realms
Mackenzie Foy,The Little Prince
Mackenzie Foy,Black Eyed Dog
Mackenzie Foy,The Cookie Mobster
Mackenzie Foy,The Man Who Saved Paris
Mackenzie Foy,R. L. Stine's The Haunting Hour
Mackenzie Foy,The Tonight Show Starring Jimmy Fallon
Mackenzie Foy,'Til Death
Mackenzie Foy,Jesse Stone: Lost in Paradise
Mackenzie Foy,Hawaii Five-0
Andrew Borba,Crossing Jordan
Andrew Borba,Castle
Andrew Borba,The Shield
Andrew Borba,Star Trek: Enterprise
Andrew Borba,Dead in the Room
Andrew Borba,Interstellar
Andrew Borba,Rosewood
Andrew Borba,The Mentalist
Andrew Borba,NCIS: New Orleans
Andrew Borba,The Client List
Andrew Borba,House
Andrew Borba,CSI: Miami
Andrew Borba,Live from Baghdad
Andrew Borba,Go On
Andrew Borba,Straight Outta Compton
Andrew Borba,Jericho
Andrew Borba,Nine Lives
Andrew Borba,Medium
Andrew Borba,Modern Family
Andrew Borba,The West Wing
Andrew Borba,S.W.A.T.
Andrew Borba,Monk
Andrew Borba,Station 19
Andrew Borba,The Sweet Life
Andrew Borba,Bosch: Legacy
Andrew Borba,The Defenders
Andrew Borba,Speechless
Andrew Borba,Grey's Anatomy
Andrew Borba,That '70s Show
Andrew Borba,Bones
Andrew Borba,Without a Trace
Andrew Borba,Taken 3
Benjamin Hardy,Interstellar
Benjamin Hardy,Into the Box
Benjamin Hardy,The Queue
Benjamin Hardy,Barry
Benjamin Hardy,INTERFERENCE
Matthew McConaughey,Synthesizers
Matthew McConaughey,Making Dazed
Matthew McConaughey,Teen Choice Awards
Matthew McConaughey,The Story of Darrell Royal
Matthew McConaughey,Eastbound & Down
Matthew McConaughey,Behind the Music
Matthew McConaughey,Free State of Jones
Matthew McConaughey,Reign of Fire
Matthew McConaughey,Absolute Evel: The Evel Knievel Story
Matthew McConaughey,LIVE with Kelly and Mark
Matthew McConaughey,"Surfer, Dude"
Matthew McConaughey,The Lost Bus
Matthew McConaughey,Man in the Glass: Dale Brown Story
Matthew McConaughey,CMT Insider
Matthew McConaughey,Today
Matthew McConaughey,Cup of Joe
Matthew McConaughey,A Time to Kill
Matthew McConaughey,Sing: Thriller
Matthew McConaughey,Failure to Launch
Matthew McConaughey,The Late Late Show with Craig Ferguson
Matthew McConaughey,Mud
Matthew McConaughey,White Boy Rick
Matthew McConaughey,Boys on the Side
Matthew McConaughey,We Are Marshall
Matthew McConaughey,Paparazzi
Matthew McConaughey,Inside 'Interstellar'
Matthew McConaughey,TRL
Matthew McConaughey,How to Lose a Guy in 10 Days
Matthew McConaughey,Serenity
Matthew McConaughey,The Wedding Planner
Matthew McConaughey,Jimmy Kimmel Live!
Matthew McConaughey,Contact
Matthew McConaughey,A Time for Mercy
Matthew McConaughey,True Detective
Matthew McConaughey,Amistad
Matthew McConaughey,Angels in the Outfield
Matthew McConaughey,Submission
Matthew McConaughey,Larger Than Life
Matthew McConaughey,The Tonight Show with Jay Leno
Matthew McConaughey,The Kelly Clarkson Show
Matthew McConaughey,Interstellar
Matthew McConaughey,"Diners, Drive-Ins and Dives"
Matthew McConaughey,Sing 2
Matthew McConaughey,Deadpool & Wolverine
Matthew McConaughey,Come Home
Matthew McConaughey,The Paperboy
Matthew McConaughey,I Am Evel Knievel
Matthew McConaughey,Gold
Matthew McConaughey,Deep in the Heart: A Texas Wildlife Story
Matthew McConaughey,EDtv
Matthew McConaughey,21 Years: Richard Linklater
Matthew McConaughey,Superhuman Body: World of Medical Marvels
Matthew McConaughey,The Beach Bum
Matthew McConaughey,U2 at The BBC
Matthew McConaughey,My Boyfriend's Back
Matthew McConaughey,My Crazy Life
Matthew McConaughey,King of the Hill
Matthew McConaughey,The Rivals of Amziah King
Matthew McConaughey,Ghosts of Girlfriends Past
Matthew McConaughey,Roll Up Your Sleeves
Matthew McConaughey,The Newton Boys
Matthew McConaughey,The Return of the Texas Chainsaw Massacre: The Documentary
Matthew McConaughey,Welcome to Hollywood
Matthew McConaughey,Dazed and Confused
Matthew McConaughey,Disclosure
Matthew McConaughey,Interstellar: Nolan's Odyssey
Matthew McConaughey,The Russell Howard Hour
Matthew McConaughey,Martha & Snoop's Potluck Dinner Party
Matthew McConaughey,Late Night with Seth Meyers
Matthew McConaughey,Goldene Kamera Verleihung
Matthew McConaughey,Variety Studio: Actors on Actors
Matthew McConaughey,The Late Show with Stephen Colbert
Matthew McConaughey,Fast Times at Ridgemont High: A Virtual Table Read
Matthew McConaughey,The Men In Blazers Show
Matthew McConaughey,Magic Mike
Matthew McConaughey,The Science of Interstellar
Matthew McConaughey,Making True Detective
Matthew McConaughey,Two for the Money
Matthew McConaughey,Frailty
Matthew McConaughey,Friedkin Uncut
Matthew McConaughey,Red Table Talk
Matthew McConaughey,The Lincoln Lawyer
Matthew McConaughey,Tiptoes
Matthew McConaughey,Bernie
Matthew McConaughey,We Walk The Line: A Celebration of the Music of Johnny Cash
Matthew McConaughey,The Gentlemen
Matthew McConaughey,Carpool Karaoke: The Series
Matthew McConaughey,Fool's Gold
Matthew McConaughey,Judgement
Matthew McConaughey,Tropic Thunder
Matthew McConaughey,Agent Elvis
Matthew McConaughey,Making Sandwiches
Matthew McConaughey,Richard Linklater: Dream Is Destiny
Matthew McConaughey,Brother from Another Mother
Matthew McConaughey,Dallas Buyers Club
Matthew McConaughey,Best Week Ever
Matthew McConaughey,Austin City Limits Celebrates 40 Years
Matthew McConaughey,One World: Together at Home
Matthew McConaughey,Glory Daze
Matthew McConaughey,Nine Ball
Matthew McConaughey,05
Matthew McConaughey,U-571
Matthew McConaughey,Kubo and the Two Strings
Matthew McConaughey,Scorpion Spring
Matthew McConaughey,Thanks a Million
Matthew McConaughey,Late Night with Conan O'Brien
Matthew McConaughey,Sing
Matthew McConaughey,The Graham Norton Show
Matthew McConaughey,The Ellen DeGeneres Show
Matthew McConaughey,Real Time with Bill Maher
Matthew McConaughey,The Jennifer Hudson Show
Matthew McConaughey,Lone Star
Matthew McConaughey,Watch What Happens Live with Andy Cohen
Matthew McConaughey,The Oprah Conversation
Matthew McConaughey,Sex and the City
Matthew McConaughey,Tamron Hall
Matthew McConaughey,The Wolf of Wall Street
Matthew McConaughey,Magnificent Desolation: Walking on the Moon
Matthew McConaughey,The Oscars
Matthew McConaughey,Celebrities Uncensored
Matthew McConaughey,Thirteen Conversations About One Thing
Matthew McConaughey,Saturday Night Live
Matthew McConaughey,Killer Joe
Matthew McConaughey,Sahara
Matthew McConaughey,Honest Trailers
Matthew McConaughey,The Tonight Show Starring Jimmy Fallon
Matthew McConaughey,The View
Matthew McConaughey,The Sea of Trees
Matthew McConaughey,The Dark Tower
Matthew McConaughey,Between Two Ferns: The Movie
Matthew McConaughey,The Daily Show
Matthew McConaughey,The Return of the Texas Chainsaw Massacre
Matthew McConaughey,Hot Ones
Elyes Gabel,Suspicion
Elyes Gabel,Boogeyman 3
Elyes Gabel,FBI
Elyes Gabel,Interstellar
Elyes Gabel,I Love Mummy
Elyes Gabel,Waterloo Road
Elyes Gabel,Apparitions
Elyes Gabel,Game of Thrones
Elyes Gabel,Casualty
Elyes Gabel,The Borgias
Elyes Gabel,Identity
Elyes Gabel,Welcome to the Punch
Elyes Gabel,Justice League vs. the Fatal Five
Elyes Gabel,Dead Set
Elyes Gabel,A Most Violent Year
Elyes Gabel,Kingdom of Dust
Elyes Gabel,Body of Proof
Elyes Gabel,Spooks: The Greater Good
Elyes Gabel,World War Z
Elyes Gabel,Scorpion
Griffen Fraser,Interstellar
Lena Georgas,All Rise
Lena Georgas,Lethal Weapon
Lena Georgas,Interstellar
Lena Georgas,FlashForward
Lena Georgas,Lucifer
Lena Georgas,Prime Suspect
Lena Georgas,Stephen King's Kingdom Hospital
Lena Georgas,NCIS
Lena Georgas,Kingdom Hospital
Lena Georgas,Law & Order
Lena Georgas,Rizzoli & Isles
Lena Georgas,Law & Order: Special Victims Unit
Lena Georgas,The Lincoln Lawyer
Lena Georgas,Hawaii Five-0
Lena Georgas,Scorpion
Lena Georgas,Westworld
Lena Georgas,Dirty John
Lena Georgas,Refuge
Alexander Michael Helisek,Interstellar
Alexander Michael Helisek,Grey's Anatomy
Alexander Michael Helisek,Silicon Valley
Alexander Michael Helisek,This Is Us
Alexander Michael Helisek,2 Broke Girls
Alexander Michael Helisek,Virgin Eyes
Matt Damon,Making 'Saving Private Ryan'
Matt Damon,We Bought a Zoo
Matt Damon,Thor: Love and Thunder
Matt Damon,Teen Choice Awards
Matt Damon,Final Cut: Ladies and Gentlemen
Matt Damon,The Legend of Bagger Vance
Matt Damon,Plan B
Matt Damon,Reflections on 'the Talented Mr. Ripley'
Matt Damon,Will & Grace
Matt Damon,The Bernie Mac Show
Matt Damon,Die Clint Eastwood Story
Matt Damon,The Man Who Saved the World
Matt Damon,SmartLess: On the Road
Matt Damon,The Last Duel
Matt Damon,The Roast of Tom Brady
Matt Damon,RIP
Matt Damon,Jersey Girl
Matt Damon,Off Camera with Sam Jones
Matt Damon,"Stranger Than Fiction: The True Story of Whitey Bulger, Southie and 'The Departed'"
Matt Damon,Today
Matt Damon,Robin Williams Remembered
Matt Damon,The Majestic
Matt Damon,No Sudden Move
Matt Damon,Boston
Matt Damon,Entourage
Matt Damon,The Monuments Men
Matt Damon,Spirit: Stallion of the Cimarron
Matt Damon,Crossing Criminal Cultures
Matt Damon,Field of Dreams
Matt Damon,Golden Globe Awards
Matt Damon,Chasing Amy
Matt Damon,"Oh, What a Lovely Tea Party"
Matt Damon,14 Actors Acting
Matt Damon,'Saving Private Ryan': Boot Camp
Matt Damon,Happy Feet Two
Matt Damon,Inside Christopher Nolan's Oppenheimer
Matt Damon,Heath Ledger: A Tribute
Matt Damon,The Rainmaker
Matt Damon,Close Up with The Hollywood Reporter
Matt Damon,The Good Old Boys
Matt Damon,Margaret
Matt Damon,2007 Boston Red Sox: The Official World Series Film
Matt Damon,Geronimo: An American Legend
Matt Damon,Coda: Thirty Years Later
Matt Damon,The Great Wall
Matt Damon,The Long Way Home: Making 'The Martian'
Matt Damon,The Informant!
Matt Damon,Morgenmagazin
Matt Damon,Law & Order: Criminal Intent
Matt Damon,Jimmy Kimmel Live!
Matt Damon,Confessions of a Dangerous Mind
Matt Damon,American Idol
Matt Damon,Titan A.E.
Matt Damon,The Tonight Show with Jay Leno
Matt Damon,The Kelly Clarkson Show
Matt Damon,"Women, War & Peace"
Matt Damon,Interstellar
Matt Damon,Mystic Pizza
Matt Damon,The Good Shepherd
Matt Damon,Stuck on You
Matt Damon,The Early Show
Matt Damon,Prince: 21 Nights in London
Matt Damon,Time Bomb Y2K
Matt Damon,ARES: live
Matt Damon,The Instigators
Matt Damon,Radioman
Matt Damon,Firing Line with Margaret Hoover
Matt Damon,Jay Leno's Garage
Matt Damon,The Brothers Grimm: Bringing the Fairytale to Life
Matt Damon,Stillwater
Matt Damon,After Frank
Matt Damon,Youth Without Youth
Matt Damon,The Martian
Matt Damon,Thor: Ragnarok
Matt Damon,Teenage Paparazzo
Matt Damon,Air
Matt Damon,Saltlake Van Sant
Matt Damon,Dogma
Matt Damon,Ocean's Thirteen
Matt Damon,Good Will Hunting
Matt Damon,30 Rock
Matt Damon,Oppenheimer
Matt Damon,Suburbicon
Matt Damon,Syriana
Matt Damon,Ocean's Eleven
Matt Damon,The Adjustment Bureau
Matt Damon,Late Night with Seth Meyers
Matt Damon,Notes on an American Film Director at Work
Matt Damon,Making It Stick: The Makeup Effects of Stuck on You
Matt Damon,Courage Under Fire
Matt Damon,Life of Kylie
Matt Damon,Live from Studio Five
Matt Damon,The Late Show with Stephen Colbert
Matt Damon,The Departed
Matt Damon,School Ties
Matt Damon,The Brothers Grimm
Matt Damon,Deadpool 2
Matt Damon,Entertainment Tonight
Matt Damon,Che: Part Two
Matt Damon,The Jay Leno Show
Matt Damon,The Bourne Identity
Matt Damon,Backpack Full of Cash
Matt Damon,Marvel Studios Assembled: The Making of Thor: Love and Thunder
Matt Damon,MTV Movie & TV Awards
Matt Damon,Jay and Silent Bob Reboot
Matt Damon,Conan
Matt Damon,Inside Job
Matt Damon,Ford v Ferrari: Bringing the Rivalry to Life
Matt Damon,Animals
Matt Damon,His Way
Matt Damon,The Bourne Supremacy
Matt Damon,De Wereld Draait Door
Matt Damon,Drive-Away Dolls
Matt Damon,Howard Zinn: You Can't Be Neutral on a Moving Train
Matt Damon,Behind the Candelabra
Matt Damon,Encyclopedia of Useless Facts Around The Earth
Matt Damon,Green Zone
Matt Damon,Rounders
Matt Damon,Once Upon a Deadpool
Matt Damon,Rising Son
Matt Damon,Jason Bourne
Matt Damon,Hereafter
Matt Damon,Glory Daze
Matt Damon,Inside the Actors Studio
Matt Damon,The Making of the Last Duel
Matt Damon,Ford v Ferrari
Matt Damon,Unsane
Matt Damon,Invictus
Matt Damon,Finding Forrester
Matt Damon,Late Night with Conan O'Brien
Matt Damon,Elysium
Matt Damon,Downsizing
Matt Damon,The Talented Mr. Ripley: Making the Soundtrack
Matt Damon,True Grit
Matt Damon,The Bourne Dilemma
Matt Damon,The Graham Norton Show
Matt Damon,Stuck Together: Bringing Stuck on You to the Screen
Matt Damon,Clerk
Matt Damon,Inside 'The Talented Mr. Ripley'
Matt Damon,Gerry
Matt Damon,Contagion
Matt Damon,Geeking Out
Matt Damon,Magnificent Desolation: Walking on the Moon
Matt Damon,The Oscars
Matt Damon,Saving Private Ryan
Matt Damon,The Bourne Ultimatum
Matt Damon,The Zero Theorem
Matt Damon,Promised Land
Matt Damon,IF
Matt Damon,Celebrities Uncensored
Matt Damon,The Third Wheel
Matt Damon,Judge Not: In Defense of Dogma
Matt Damon,Saturday Night Live
Matt Damon,Jay and Silent Bob Strike Back
Matt Damon,The Talented Mr. Ripley
Matt Damon,Brave Blue World: Racing to Solve Our Water Crisis
Matt Damon,The Tonight Show Starring Jimmy Fallon
Matt Damon,Honest Trailers
Matt Damon,The View
Matt Damon,The Daily Show
Matt Damon,Untitled Christopher Nolan Film
Matt Damon,All the Pretty Horses
Matt Damon,EuroTrip
Matt Damon,Ocean's Twelve
Matt Damon,American Teacher
Matt Damon,Hot Ones
William Devane,Plotting 'Family Plot'
William Devane,Jesse Stone: Innocents Lost
William Devane,The Kane Files: Life of Trial
William Devane,Hollow Man
William Devane,Testament
William Devane,Lois & Clark: The New Adventures of Superman
William Devane,The West Wing
William Devane,Mannix
William Devane,In the Country
William Devane,Payback
William Devane,The Grinder
William Devane,Jesse Stone: No Remorse
William Devane,Space Cowboys
William Devane,The Tonight Show Starring Johnny Carson
William Devane,Turks
William Devane,The Pursuit of Happiness
William Devane,Revenge
William Devane,Deceit
William Devane,The Preppie Murder
William Devane,The Dark Knight Rises
William Devane,Poor White Trash
William Devane,Red Alert
William Devane,Ancient Secrets of the Bible
William Devane,"Good Morning, Killer"
William Devane,The Michael Richards Show
William Devane,Miracle on the Mountain: The Kincaid Family Story
William Devane,Hope and Gloria
William Devane,Leprechaun's Revenge
William Devane,Interstellar
William Devane,Rubdown
William Devane,Flag of My Father
William Devane,Prophet of Evil: The Ervil LeBaron Story
William Devane,The Missiles of October
William Devane,The Bait
William Devane,A Woman Named Jackie
William Devane,Obsessed
William Devane,The Dark
William Devane,Psych
William Devane,Yanks
William Devane,Night Watch
William Devane,The Least Among You
William Devane,Doomsday Rock
William Devane,Rolling Thunder
William Devane,A Christmas Visitor
William Devane,King of the Hill
William Devane,Red Flag: The Ultimate Game
William Devane,Honky Tonk Freeway
William Devane,For the Love of Nancy
William Devane,The X-Files
William Devane,The President's Child
William Devane,The 300-Year Weekend
William Devane,Lady Liberty
William Devane,Phenom
William Devane,Lady in Waiting
William Devane,Black Beauty
William Devane,The Other Victim
William Devane,Gunsmoke
William Devane,McCabe & Mrs. Miller
William Devane,Jane Doe
William Devane,Truth
William Devane,Marathon Man
William Devane,Payback: Straight Up
William Devane,Knots Landing
William Devane,The River Why
William Devane,Forgotten Sins
William Devane,Murder C.O.D.
William Devane,Monte Walsh
William Devane,Crumbs
William Devane,Touched by an Angel
William Devane,Hadley's Rebellion
William Devane,The Snoop Sisters
William Devane,The Monroes
William Devane,Family Plot
William Devane,Jesse Stone: Sea Change
William Devane,Jesse Stone: Thin Ice
William Devane,My Old Man's Place
Michael Caine,Acting
Michael Caine,Now You See Me 2
Michael Caine,"John Huston: The Man, the Movies, the Maverick"
Michael Caine,Deadline Midnight
Michael Caine,Gnomeo & Juliet
William Devane,Jesse Stone: Death in Paradise
William Devane,Medical Center
William Devane,Bad Turn Worse
William Devane,Stargate: Continuum
William Devane,50 to 1
William Devane,The Bad News Bears in Breaking Training
William Devane,Jesse Stone: Benefit of the Doubt
William Devane,From Here to Eternity
William Devane,Vital Signs
William Devane,24
William Devane,With Intent to Kill
William Devane,Timestalkers
William Devane,Crime Club
William Devane,The Fall
William Devane,NCIS
William Devane,Knots Landing: Back to the Cul-de-Sac
William Devane,The Irish Whiskey Rebellion
William Devane,The Dealership
William Devane,The Badge
William Devane,Judgment: The Court Martial of the Tiger of Malaya — General Yamashita
William Devane,Race to Space
William Devane,Fear on Trial
William Devane,Virus
William Devane,Stargate SG-1
William Devane,Bosch: Legacy
William Devane,Nightmare in Columbia County
William Devane,"Chips, the War Dog"
William Devane,The Absolute Truth
William Devane,The Man Who Used to Be Me
William Devane,Freefall: Flight 174
William Devane,Report to the Commissioner
William Devane,Jesse Stone: Lost in Paradise
William Devane,Exception to the Rule
William Devane,Threat of Exposure
Michael Caine,Fight of the Century
Michael Caine,The Marseille Contract
Michael Caine,Tony Awards
Michael Caine,"Dirty, Sexy & Totally Iconic"
Michael Caine,Quills
Michael Caine,The Cider House Rules
Michael Caine,Water
Michael Caine,Journey 2: The Mysterious Island
Michael Caine,Bullseye!
Michael Caine,The Bulldog Breed
Michael Caine,Simon Simon
Michael Caine,Without a Clue
Michael Caine,Roger Moore: A Matter Of Class
Michael Caine,The Key
Michael Caine,The Great Escaper
Michael Caine,And the Winner Isn't
Michael Caine,Youth
Michael Caine,Michael Caine: Breaking the Mold
Michael Caine,Around the Bend
Michael Caine,The Wilby Conspiracy
Michael Caine,Stonehearst Asylum
Michael Caine,The Last Valley
Michael Caine,LIVE with Kelly and Mark
Michael Caine,The Hand
Michael Caine,Billion Dollar Brain
Michael Caine,The Ipcress File
Michael Caine,Sir David Frost: That Was the Life That Was
Michael Caine,California Suite
Michael Caine,Golden Globe Awards
Michael Caine,A Bridge Too Far
Michael Caine,Last Orders
Michael Caine,Midnight in Saint Petersburg
Michael Caine,The Romantic Englishwoman
Michael Caine,How to Murder a Rich Uncle
Michael Caine,The Late Late Show with Craig Ferguson
Michael Caine,Dear Dictator
Michael Caine,Heath Ledger: A Tribute
Michael Caine,Elle s'appelait Françoise
Michael Caine,Close Up with The Hollywood Reporter
Michael Caine,Harry and Walter Go to New York
Michael Caine,V.I.P. Schaukel
Michael Caine,Solo for Sparrow
Michael Caine,Danger Within
Michael Caine,The Wrong Box
Michael Caine,The Many Faces of... Michael Caine
Michael Caine,The Director's Notebook: The Cinematic Sleight of Hand of Christopher Nolan
Michael Caine,The Caine Mutiny Court-Martial
Michael Caine,Secondhand Lions
Michael Caine,The Dark Knight Rises
Michael Caine,The Holcroft Covenant
Michael Caine,What's My Line?
Michael Caine,Inside 'Interstellar'
Michael Caine,Blood and Wine
Michael Caine,The Foreign Eye
Michael Caine,Going in Style
Michael Caine,The Black Windmill
Michael Caine,World War II: When Lions Roared
Michael Caine,Hollywood U.K.: British Cinema in the Sixties
Michael Caine,Austin Powers in Goldmember
Michael Caine,Bullet to Beijing
Michael Caine,Woman Times Seven
Michael Caine,Wimbledon 2010 Official Film
Michael Caine,Roman Polanski: Wanted and Desired
Michael Caine,Play Dirty
Michael Caine,The Jigsaw Man
Michael Caine,Sweet Liberty
Michael Caine,Tonite Let's All Make Love in London
Michael Caine,The Tonight Show with Jay Leno
Michael Caine,Dunkirk
Michael Caine,The Making of Jaws The Revenge
Michael Caine,Hamlet at Elsinore
Michael Caine,AGFA MYSTERY MIXTAPE #3: SEQUELITIS
Michael Caine,Interstellar
Michael Caine,"20,000 Leagues Under the Sea"
Michael Caine,The Man Who Would Be King
Michael Caine,The Island
Michael Caine,Pulp
Michael Caine,Quincy
Michael Caine,Rabbit Ears - King Midas and the Golden Touch
Michael Caine,Kingsman: The Secret Service Revealed
Michael Caine,Der große Preis
Michael Caine,Too Late the Hero
Michael Caine,Zulu
Michael Caine,Blind Spot
Michael Caine,Harry Brown
Michael Caine,Foxhole in Cairo
Michael Caine,Morning Departure
Michael Caine,Jaws: The Revenge
Michael Caine,Parkinson
Michael Caine,Alfie
Michael Caine,The Statement
Michael Caine,A Shock to the System
Michael Caine,A Hill in Korea
Michael Caine,Is Anybody There?
Michael Caine,The Swarm
Michael Caine,Laughs and Larrikins
Michael Caine,Miss Congeniality
Michael Caine,Curtain Call
Michael Caine,Battle of Britain
Michael Caine,Deadfall
Michael Caine,Blue Ice
Michael Caine,Valentino: The Last Emperor
Michael Caine,Preminger: Anatomy of a Filmmaker
Michael Caine,The Fourth Protocol
Michael Caine,Mad About the Boy: The Noël Coward Story
Michael Caine,The Magus
Michael Caine,Knights of Classic Drama at the BBC
Michael Caine,Rowan & Martin's Laugh-In
Michael Caine,Mark Saber
Michael Caine,Navy Log
Michael Caine,The Actors
Michael Caine,Inception
Michael Caine,The Mike Douglas Show
Michael Caine,Pinter's Progress
Michael Caine,Kingsman: The Secret Service
Michael Caine,An Accidental Studio
Michael Caine,Surrender
Michael Caine,Interstellar: Nolan's Odyssey
Michael Caine,Walk a Crooked Mile
Michael Caine,Live from Studio Five
Michael Caine,50 Films to See Before You Die
Michael Caine,The Late Show with Stephen Colbert
Michael Caine,Come Away
Michael Caine,Jekyll & Hyde
Michael Caine,Mr. Morgan's Last Love
Michael Caine,The Merv Griffin Show
Michael Caine,Top Deck
Michael Caine,Armchair Theatre
Michael Caine,The Muppet Christmas Carol
Michael Caine,Sleuth
Michael Caine,Hero
Michael Caine,Flawless
Michael Caine,Little Voice
Michael Caine,The Last Witch Hunter
Michael Caine,Cars 2
Michael Caine,Quicksand
Michael Caine,The Day the Earth Caught Fire
Michael Caine,The Adventures of Sir Lancelot
Michael Caine,The Dark Knight
Michael Caine,Blood Money
Michael Caine,Peeper
Michael Caine,The Debtors
Michael Caine,Helter Skelter: An American Myth
Michael Caine,The Dick Cavett Show
Michael Caine,Four Kids and It
Michael Caine,The Golden Gong: The Story of Rank Films - British Cinema's Legendary Studio
Michael Caine,King of Thieves
Michael Caine,Jack the Ripper
Michael Caine,Now You See Me
Michael Caine,Faye
Michael Caine,Silver Bears
Michael Caine,Get Carter
Michael Caine,The Italian Job
Michael Caine,Sherlock Gnomes
Michael Caine,The Prestige
Michael Caine,Deathtrap
Michael Caine,Hannah and Her Sisters
Michael Caine,Shiner
Michael Caine,Ending the Knight
Michael Caine,Mr. Destiny
Michael Caine,Educating Rita
Michael Caine,Children of Men
Michael Caine,Monty Python's The Meaning of Life
Michael Caine,The Man Who Got Carter
Michael Caine,Sailor Beware
Michael Caine,The Wrong Arm of the Law
Michael Caine,Tenet
Michael Caine,The Two-Headed Spy
Michael Caine,The First 100 Years: A Celebration of American Movies
Michael Caine,The Making Of 'The Italian Job'
Michael Caine,Inside 'the Swarm'
Michael Caine,My Generation
Michael Caine,Sean Connery: Private
Michael Caine,Inside the Actors Studio
Michael Caine,Kidnapped
Michael Caine,The Weather Man
Michael Caine,The Sound of 007
Michael Caine,Twist
Michael Caine,Late Night with Conan O'Brien
Michael Caine,Carve Her Name with Pride
Michael Caine,Beyond the Poseidon Adventure
Michael Caine,Shadow Run
Michael Caine,Blame It on Rio
Michael Caine,MCAINE: An Anagram of Cinema
Michael Caine,Rickles
Michael Caine,The Graham Norton Show
Michael Caine,Male of the Species
Michael Caine,Discovering Hamlet
Michael Caine,Half Moon Street
Michael Caine,Night of 100 Stars III
Michael Caine,Night of 100 Stars II
Michael Caine,Arte 1 Documenta
Michael Caine,Zee and Co.
Michael Caine,The One Show
Michael Caine,The Adventures of William Tell
Michael Caine,Mandela and de Klerk
Michael Caine,Medieval
Michael Caine,The Oscars
Michael Caine,Batman Begins
Michael Caine,Charlie Sheen's Stunts Spectacular
Michael Caine,The Fire Rises: The Creation and Impact of The Dark Knight Trilogy
Michael Caine,Ashanti
Michael Caine,Legends
Michael Caine,Noises Off...
Michael Caine,Dressed to Kill
Michael Caine,Edgar Wallace Mysteries
Michael Caine,Passport to Shame
Michael Caine,The Whistle Blower
Michael Caine,Hurry Sundown
Michael Caine,Cary Grant: A Celebration of a Leading Man
Michael Caine,Dirty Rotten Scoundrels
Michael Caine,Escape to Victory
Michael Caine,The Movie Life of George
Michael Caine,Funeral in Berlin
Michael Caine,The Honorary Consul
Michael Caine,The View
Michael Caine,The Quiet American
Michael Caine,The Daily Show
Michael Caine,The Eagle Has Landed
Michael Caine,Mona Lisa
Michael Caine,On Deadly Ground
Michael Caine,Gambit
Michael Caine,Best Sellers
Michael Caine,Bewitched
Bill Irwin,My Blue Heaven
Bill Irwin,Sondheim: A Celebration at Carnegie Hall
Bill Irwin,Elementary
Bill Irwin,Lights Out
Bill Irwin,New Amsterdam
Bill Irwin,Igby Goes Down
Bill Irwin,This Is Us
Bill Irwin,Eight Men Out
Bill Irwin,Never Stand Still
Bill Irwin,South of Hell
Bill Irwin,Sesame Street: 40 Years of Sunny Days
Bill Irwin,High Tide
Bill Irwin,Silent Tongue
Bill Irwin,Rachel Getting Married
Bill Irwin,Quarry
Bill Irwin,The Andy Warhol Diaries
Bill Irwin,CSI: Crime Scene Investigation
Bill Irwin,Sleepy Hollow
Bill Irwin,Law & Order: Criminal Intent
Bill Irwin,The Adventures of Pete & Pete
Bill Irwin,Just the Ticket
Bill Irwin,Illuminata
Bill Irwin,Raving
Bill Irwin,Irresistible
Bill Irwin,Interstellar
Bill Irwin,Sesame Street: Play All Day with Elmo!
Bill Irwin,Legion
Bill Irwin,Confirmation
Bill Irwin,4th Dementia
Bill Irwin,Niagara: A History of the Falls
Bill Irwin,"Sesame Street: Elmo's World: Families, Mail & Bath Time!"
Bill Irwin,Sister Act 2: Back in the Habit
Bill Irwin,Monday Mornings
Bill Irwin,How the Grinch Stole Christmas
Bill Irwin,The Last Mile
Bill Irwin,Identity Theft
Bill Irwin,Law & Order
Bill Irwin,Popeye
Bill Irwin,Sesame Street: Elmo's World: Reach for the Sky!
Bill Irwin,Lady in the Water
Bill Irwin,3rd Rock from the Sun
Bill Irwin,The Great Buster: A Celebration
Bill Irwin,Sesame Street: Elmo's World: Penguins and Friends
Bill Irwin,Charlie: The Life and Art of Charles Chaplin
Bill Irwin,Higher Ground
Bill Irwin,Red Hot + Blue: A Tribute to Cole Porter
Bill Irwin,Scenes from a Mall
Bill Irwin,Blue Bloods
Bill Irwin,"Goldstar, Ohio"
Bill Irwin,Ricki and the Flash
Bill Irwin,The Gilded Age
Bill Irwin,Show Boat
Bill Irwin,Spoiler Alert
Bill Irwin,The Dropout
Bill Irwin,Rustin
Bill Irwin,Across the Universe
Bill Irwin,Law & Order: Special Victims Unit
Bill Irwin,Waiting for Godot in San Quentin
Bill Irwin,A Midsummer Night's Dream
Bill Irwin,Subway Stories
Bill Irwin,It Takes a Lunatic
Bill Irwin,Mudflat
Bill Irwin,Hot Shots!
Bill Irwin,The Cosby Show
Bill Irwin,The Manchurian Candidate
Bill Irwin,A New Life
Bill Irwin,Circus Kid
Bill Irwin,The Good Wife
Bill Irwin,Stepping Out
Bill Irwin,Old Hats
Bill Irwin,The Laramie Project
Bill Irwin,Sesame Street's 50th Anniversary Celebration
Bill Irwin,The Regard of Flight
Bill Irwin,Endgame
Bill Irwin,Star Trek: Discovery
Bill Irwin,Saturday Night Live
Bill Irwin,Lust Life Love
Bill Irwin,Memorial: Letters from American Soldiers
Bill Irwin,Life on Mars
Bill Irwin,Sesame Street: Elmo's World: What Makes You Happy?
Collette Wolfe,17 Again
Collette Wolfe,The Office
Collette Wolfe,Shameless
Collette Wolfe,Hot Tub Time Machine 2
Collette Wolfe,Devil's Knot
Collette Wolfe,The Foot Fist Way
Collette Wolfe,How I Met Your Mother
Collette Wolfe,Your Family or Mine
Collette Wolfe,You're the Worst
Collette Wolfe,Traffic Light
Collette Wolfe,Really
Collette Wolfe,Play Nice
Collette Wolfe,Hot Tub Time Machine
Collette Wolfe,The Babymakers
Collette Wolfe,Observe and Report
Collette Wolfe,Interstellar
Collette Wolfe,Greek
Collette Wolfe,Eastbound & Down
Collette Wolfe,Four Christmases
Collette Wolfe,Next Caller
Collette Wolfe,A.P. Bio
Collette Wolfe,Quantum Leap
Collette Wolfe,The Wager
Collette Wolfe,100 Questions
Collette Wolfe,Friends with Benefits
Collette Wolfe,Cougar Town
Collette Wolfe,Royal Pains
Collette Wolfe,Second Nature
Collette Wolfe,Young Adult
Collette Wolfe,Great World of Sound
Collette Wolfe,A Beautiful Now
Collette Wolfe,Grey's Anatomy
Collette Wolfe,Mad Men
Collette Wolfe,Reaper
Collette Wolfe,Semi-Pro
Timothée Chalamet,Jimmy Kimmel Live!
Timothée Chalamet,Dune: Part Three
Timothée Chalamet,Entergalactic
Timothée Chalamet,Bleu de Chanel
Timothée Chalamet,One & Two
Timothée Chalamet,"Men, Women & Children"
Timothée Chalamet,Late Night with Seth Meyers
Timothée Chalamet,Leute heute
Timothée Chalamet,A Complete Unknown
Timothée Chalamet,Variety Studio: Actors on Actors
Timothée Chalamet,The Late Show with Stephen Colbert
Timothée Chalamet,The Graham Norton Show
Timothée Chalamet,Worst Friends
Timothée Chalamet,Art of Style: Jean Cocteau
Timothée Chalamet,Marty Supreme
Timothée Chalamet,Call Me by Your Name
Timothée Chalamet,Interstellar
Timothée Chalamet,Great Performers: Horror Show
Timothée Chalamet,You Quiz On The Block
Timothée Chalamet,Lady Bird
Timothée Chalamet,Miss Stevens
Timothée Chalamet,Cleopatra
Timothée Chalamet,The Enigmatic Charlotte Rampling
Timothée Chalamet,Hostiles
Timothée Chalamet,The Oscars
Timothée Chalamet,A Rainy Day in New York
Timothée Chalamet,Love the Coopers
Timothée Chalamet,Dune
Timothée Chalamet,Homeland
Timothée Chalamet,Butcher's Hill
Timothée Chalamet,The French Dispatch
Timothée Chalamet,Little Women
Timothée Chalamet,Law & Order
Timothée Chalamet,Saturday Night Live
Timothée Chalamet,Royal Pains
Timothée Chalamet,Loving Leah
Timothée Chalamet,Faut Voir - L'hebdo cinéma
Timothée Chalamet,A Man Named Scott
Timothée Chalamet,Close Up with The Hollywood Reporter
Timothée Chalamet,Beautiful Boy
Timothée Chalamet,We Are Who We Are
Timothée Chalamet,Don't Look Up
Timothée Chalamet,Dune: Part Two
Timothée Chalamet,Clown
Timothée Chalamet,Honest Trailers
Timothée Chalamet,The Adderall Diaries
Timothée Chalamet,The Tonight Show Starring Jimmy Fallon
Timothée Chalamet,Spinners
Timothée Chalamet,Wonka
Timothée Chalamet,Bones and All
Timothée Chalamet,Hot Summer Nights
Timothée Chalamet,The King
Ryan Irving,Interstellar
Ryan Irving,"3 Bed, 2 Bath, 1 Ghost"
Ryan Irving,Wynonna Earp
Ryan Irving,Memento Mori
Ryan Irving,Bark
Ryan Irving,Hold the Dark
Ryan Irving,Heritage Minutes: Winnipeg Falcons
Ryan Irving,DC's Legends of Tomorrow
Ryan Irving,Zoey's Extraordinary Playlist
Topher Grace,Heretic
Topher Grace,The Twilight Zone
Topher Grace,The Simpsons
Topher Grace,E! True Hollywood Story
Topher Grace,Late Night with Conan O'Brien
Topher Grace,Late Night with Seth Meyers
Topher Grace,Teen Choice Awards
Topher Grace,Flight Risk
Topher Grace,Delirium
Topher Grace,Barely Lethal
Topher Grace,The Late Show with Stephen Colbert
Topher Grace,Irresistible
Topher Grace,American Ultra
Topher Grace,"Love, Death & Robots"
Topher Grace,Comedy Bang! Bang!
Topher Grace,Personal Effects
Topher Grace,Truth
Topher Grace,Predators: The Chosen
Topher Grace,The Kelly Clarkson Show
Topher Grace,P.S.
Topher Grace,Interstellar
Topher Grace,Win a Date with Tad Hamilton!
Topher Grace,The Ellen DeGeneres Show
Topher Grace,Robot Chicken
Topher Grace,The Institute
Topher Grace,Traffic
Topher Grace,Watch What Happens Live with Andy Cohen
Topher Grace,Under the Silver Lake
Topher Grace,Tamron Hall
Topher Grace,The Hot Zone
Topher Grace,The Calling
Topher Grace,The Reichen Show
Topher Grace,Breakthrough
Topher Grace,Valentine's Day
Topher Grace,Don Peyote
Topher Grace,LIVE with Kelly and Mark
Topher Grace,Spider-Man 3
Topher Grace,Inside Traffic: The Making of 'Traffic'
Topher Grace,Conan
Topher Grace,That '90s Show
Topher Grace,Home Economics
Topher Grace,Take Me Home Tonight
Topher Grace,Workaholics
Topher Grace,Saturday Night Live: The Best of Amy Poehler
Topher Grace,The Big Wedding
Topher Grace,BlacKkKlansman
Topher Grace,Opening Night
Topher Grace,Mississippi Requiem
Topher Grace,Too Big to Fail
Topher Grace,Saturday Night Live
Topher Grace,On Air with Ryan Seacrest
Topher Grace,Marvel's Ultimate Spider-Man
Topher Grace,Ocean's Eleven
Topher Grace,Playing It Cool
Topher Grace,Mona Lisa Smile
Topher Grace,Huntington
Topher Grace,In Good Company
Topher Grace,War Machine
Topher Grace,King of the Hill
Topher Grace,The View
Topher Grace,The Double
Topher Grace,Black Mirror
Topher Grace,That '70s Show
Topher Grace,The Beauty Inside
Topher Grace,Ocean's Twelve
Topher Grace,The Late Late Show with Craig Kilborn
Topher Grace,Best Week Ever
Topher Grace,Inside 'Interstellar'
Topher Grace,Predators
Topher Grace,The Giant Mechanical Man
Russ Fega,Galaxis
Russ Fega,Sticks & Stones
Russ Fega,Unholy Matrimony
Russ Fega,Things I Never Told You
Russ Fega,Babylon 5
Russ Fega,"Murder, She Wrote"
Russ Fega,Memento
Russ Fega,Interstellar
Russ Fega,Veronica's Closet
Russ Fega,I Am Sam
Russ Fega,Prey of the Chameleon
Russ Fega,The Naked Truth
Russ Fega,Tales of the Unknown
Russ Fega,The Prestige
Russ Fega,Star Trek: Voyager
Russ Fega,Used Cars
Russ Fega,Judas Kiss
Russ Fega,Suddenly Susan
Russ Fega,Pacific Blue
Russ Fega,The Dark Knight Rises
Russ Fega,Mobsters
Russ Fega,Inception
John Lithgow,Lord John
John Lithgow,2010
John Lithgow,Rich Kids
John Lithgow,Marvin Hamlisch: What He Did For Love
John Lithgow,The Macabre World of Lavender Williams
John Lithgow,Tony Awards
John Lithgow,The Pulitzer At 100
John Lithgow,Dick Van Dyke: 98 Years of Magic
John Lithgow,The Bubble
John Lithgow,Dogs and More Dogs
John Lithgow,Sylvester and the Magic Pebble
John Lithgow,The Amazing Bone
John Lithgow,Bombshell
John Lithgow,Once Upon a Time in Wonderland
John Lithgow,Goldilocks and the Three Bears
John Lithgow,Stars in the House
John Lithgow,Amazing Stories
John Lithgow,Masters of Illusion: The Wizards of Special Effects
John Lithgow,Dexter
John Lithgow,Kinsey
John Lithgow,Silent Fall
John Lithgow,Cliffhanger
John Lithgow,Santa Claus: The Making of the Movie
John Lithgow,Resting Place
John Lithgow,Mister Rogers: It's You I Like
John Lithgow,Today
John Lithgow,A Good Man in Africa
John Lithgow,The Rosie O'Donnell Show
John Lithgow,The Oldest Living Graduate
John Lithgow,Golden Globe Awards
John Lithgow,NOVA
John Lithgow,Buckaroo Banzai Declassified
John Lithgow,Cosby
John Lithgow,Out Cold
John Lithgow,Faerie Tale Theatre
John Lithgow,Secret Service
John Lithgow,The Rule of Jenny Pen
John Lithgow,Close Up with The Hollywood Reporter
John Lithgow,The Accountant
John Lithgow,Footloose
John Lithgow,Orange County
John Lithgow,Miracle in a Box: A Piano Reborn
John Lithgow,Not in Front of the Children
John Lithgow,Amazing Stories: The Movie II
John Lithgow,Twenty Good Years
John Lithgow,The Great Celebrity Bake Off for Stand Up To Cancer
John Lithgow,Inside 'Interstellar'
John Lithgow,Ode to Joy: Beethoven's Symphony No. 9
John Lithgow,The Tuskegee Airmen
John Lithgow,Love Is Strange
John Lithgow,Finding Your Roots
John Lithgow,Johnny Skidmarks
John Lithgow,Best of Enemies
John Lithgow,World War II: When Lions Roared
John Lithgow,Memphis Belle
John Lithgow,Chez Bob
John Lithgow,Shrek in the Swamp Karaoke Dance Party
John Lithgow,On Broadway
John Lithgow,The Apprentice: Martha Stewart
John Lithgow,Killers of the Flower Moon
John Lithgow,Late Night
John Lithgow,Confessions of a Shopaholic
John Lithgow,The Kelly Clarkson Show
John Lithgow,A Civil Action
John Lithgow,Ultra City Smiths
John Lithgow,Interstellar
John Lithgow,"Love, Cheat & Steal"
John Lithgow,Tales from the Crypt: The Robert Zemeckis Collection
John Lithgow,Homegrown
John Lithgow,Dexter: New Blood
John Lithgow,The World According to Garp
John Lithgow,This Is 40
John Lithgow,The Early Show
John Lithgow,The Tomorrow Man
John Lithgow,The Wrong Man
John Lithgow,The Homesman
John Lithgow,Live in Front of a Studio Audience: The Facts of Life and Diff'rent Strokes
John Lithgow,Pitch Perfect 3
John Lithgow,My Brother's Keeper
John Lithgow,Raising Cain
John Lithgow,Firing Line with Margaret Hoover
John Lithgow,Beatriz at Dinner
John Lithgow,Conclave
John Lithgow,The Country Girl
John Lithgow,Casting By
John Lithgow,The Jungle Bunch 2: The Great Treasure Quest
John Lithgow,Dealing: Or the Berkeley-to-Boston Forty-Brick Lost-Bag Blues
John Lithgow,3rd Rock from the Sun
John Lithgow,Emily @ the Edge of Chaos
John Lithgow,Hallmark Hall of Fame
John Lithgow,The Country Mouse & the City Mouse: A Christmas Tale
John Lithgow,30 Rock
John Lithgow,ShowBusiness: The Road to Broadway
John Lithgow,The West
John Lithgow,The Tony Danza Show
John Lithgow,Daddy's Home 2
John Lithgow,Shakespeare Live! From the RSC
John Lithgow,The Manhattan Project
John Lithgow,Redwood Curtain
John Lithgow,Twilight Zone: The Movie
John Lithgow,Give My Regards to Broadway
John Lithgow,Shrek: Once Upon a Time
John Lithgow,New Year's Eve
John Lithgow,Myths and Hymns
John Lithgow,Disclosure
John Lithgow,Late Night with Seth Meyers
John Lithgow,How I Met Your Mother
John Lithgow,The Ghost of Lord Farquaad
John Lithgow,Variety Studio: Actors on Actors
John Lithgow,The Late Show with Stephen Colbert
John Lithgow,Sharper
John Lithgow,Car of the Future
John Lithgow,"Bark, George"
John Lithgow,Special Effects: Anything Can Happen
John Lithgow,Big Blonde
John Lithgow,The Colbert Report
John Lithgow,The Investigation: A Search for the Truth in Ten Acts
John Lithgow,National Theatre Live: The Magistrate
John Lithgow,Don Quixote
John Lithgow,Hollow Point
John Lithgow,At Play in the Fields of the Lord
John Lithgow,Conan
John Lithgow,Jimpa
John Lithgow,Blow Out
John Lithgow,Rugrats in Paris: The Movie
John Lithgow,Einstein's Big Idea
John Lithgow,Cabrini
John Lithgow,James Cameron's Story of Science Fiction
John Lithgow,Timms Valley
John Lithgow,The Day After
John Lithgow,The Campaign
John Lithgow,Pet Sematary: The Tale of Timmy Baterman
John Lithgow,The Crown
John Lithgow,American Cinema
John Lithgow,I'm Dancing as Fast as I Can
John Lithgow,The Big Fix
John Lithgow,Pet Sematary
John Lithgow,They All Saw a Cat
John Lithgow,Projections of America
John Lithgow,Liv Ullmann: A Road Less Travelled
John Lithgow,VH1 Goes Inside
John Lithgow,Trial & Error
John Lithgow,Ivory Hunters
John Lithgow,"Mom, the Wolfman and Me"
John Lithgow,Spellbound
John Lithgow,Baby Girl Scott
John Lithgow,Obsession
John Lithgow,95 Worlds and Counting
John Lithgow,The Simpsons
John Lithgow,Late Night with Conan O'Brien
John Lithgow,The Adventures of Buckaroo Banzai Across the 8th Dimension
John Lithgow,Prohibition
John Lithgow,Hickory Dickory Doc
John Lithgow,The Boys
John Lithgow,Santa Claus: The Movie
John Lithgow,Terms of Endearment
John Lithgow,Shrek Stories
John Lithgow,Art Happens Here with John Lithgow
John Lithgow,Tales from the Crypt
John Lithgow,9 Kisses
John Lithgow,The Graham Norton Show
John Lithgow,Great Performances
John Lithgow,Frasier
John Lithgow,Harry and the Hendersons
John Lithgow,Officer Buckle and Gloria
John Lithgow,Night of 100 Stars III
John Lithgow,The Great Robot Race: The DARPA Grand Challenge
John Lithgow,The Best of The Tony Awards: The Plays
John Lithgow,Dreamgirls
John Lithgow,Watch What Happens Live with Andy Cohen
John Lithgow,The Life and Death of Peter Sellers
John Lithgow,Ricochet
John Lithgow,Leap Year
John Lithgow,Perry Mason
John Lithgow,Princess Caraboo
John Lithgow,Mesmerized
John Lithgow,The Glitter Dome
John Lithgow,Miss Sloane
John Lithgow,E! Live from the Red Carpet
John Lithgow,Saturday Night Live
John Lithgow,Traveling Man
John Lithgow,Sherri
John Lithgow,The Roosevelts: An Intimate History
John Lithgow,John Lithgow's Kid-Sized Concert
John Lithgow,The Tonight Show Starring Jimmy Fallon
John Lithgow,Broadway: The Next Generation
John Lithgow,Shrek
John Lithgow,The View
John Lithgow,The Daily Show
John Lithgow,All That Jazz
John Lithgow,Distant Thunder
John Lithgow,The Pelican Brief
John Lithgow,Sangre
John Lithgow,The Old Man
John Lithgow,Rise of the Planet of the Apes
